iso,X1850,X1855,X1860,X1865,X1870,X1875,X1880,X1885,X1890,X1895,X1900,X1905,X1910,X1915,X1920,X1925,X1930,X1935,X1940,X1945,X1950,X1955,X1960,X1965,X1970,X1975,X1980,X1985,X1990,X1995,X2000,X2005,X2010
afg,NA,NA,NA,NA,NA,NA,NA,NA,NA,NA,NA,NA,NA,NA,NA,NA,NA,NA,NA,NA,8,23,48,144,164,150,NA,NA,NA,NA,NA,NA,NA
ago,NA,NA,NA,NA,NA,NA,NA,NA,NA,NA,NA,NA,NA,NA,NA,NA,NA,NA,NA,NA,20,30,45,20,17,NA,NA,NA,NA,NA,NA,NA,NA
alb,NA,NA,NA,NA,NA,NA,NA,NA,NA,NA,NA,NA,NA,NA,NA,NA,NA,NA,NA,NA,45,203,303,352,627,913,1580,2370,1501,66,69,78,248
are,NA,NA,NA,NA,NA,NA,NA,NA,NA,NA,NA,NA,NA,NA,NA,NA,NA,NA,NA,NA,NA,NA,NA,NA,NA,NA,NA,NA,NA,NA,NA,236,1162
arg,NA,NA,NA,NA,NA,NA,NA,NA,516,854,780,2300.7,4134.8,3229.3,2464.6,3493,3170.2,2447.1,2078,799.9,1473,1252,1577,1031,1327,1467,1297,1130,1344,1403,1176,1424,1503
arm,NA,NA,NA,NA,NA,NA,NA,NA,NA,NA,NA,NA,NA,NA,NA,NA,NA,NA,NA,NA,NA,NA,NA,NA,NA,NA,NA,NA,552,3,NA,NA,NA
aus,NA,25.1,106,159.3,227,312.6,832.6,1095.8,1338.1,1731,3787.9,6721.8,8624,10087.7,11327.9,12360.6,10096.6,11470.6,14205.4,16155.2,24808,29418,35505,44001,44370,55412,63984,76354,93508,101061,127168,137945,139063
aut,NA,NA,NA,NA,NA,NA,NA,NA,NA,NA,NA,NA,NA,NA,6537,8443,8102,6260,3928.2,2138,9229,11050.7,9918.3,9200.1,7746,7370.8,6148,7040,6659,5135,5105,5325,3815
aze,NA,NA,NA,NA,NA,NA,NA,NA,NA,NA,NA,NA,NA,NA,NA,NA,NA,NA,NA,NA,NA,NA,NA,NA,NA,NA,NA,NA,200,6,NA,NA,NA
bdi,NA,NA,NA,NA,NA,NA,NA,NA,NA,NA,NA,NA,NA,NA,NA,NA,NA,NA,NA,NA,NA,NA,NA,NA,NA,1,NA,NA,NA,NA,NA,NA,NA
bel,3517.1,5042,5734.3,7184.5,9327.8,10150.5,11467.5,12469.7,15010.6,15126,18720.5,18945.8,23100.9,12972.9,20871.9,29244.5,34299.1,25851.9,23635.1,14653.9,25270,26561,24093,24875,18121,12425,17015,15717,16141,12526,9729,7170,4914
bgd,NA,NA,NA,NA,NA,NA,NA,NA,NA,NA,NA,NA,NA,NA,NA,NA,NA,NA,NA,NA,NA,NA,NA,NA,NA,250,235,98,563,642,660,742,1257
bgr,NA,NA,NA,NA,NA,NA,1,6,25,62,140,222,354,534,762,1241,1602,1663,2766,3563,5928,9411,15943,27598.9,29974,30328,32544,34642,33916,31498,26782,26626,30399
bih,NA,NA,NA,NA,NA,NA,NA,NA,NA,NA,NA,NA,NA,NA,NA,NA,NA,NA,NA,NA,NA,NA,NA,NA,NA,NA,NA,NA,NA,1640,7437,9455,12040
blr,NA,NA,NA,NA,NA,NA,NA,NA,NA,NA,NA,NA,NA,NA,NA,NA,NA,NA,NA,NA,NA,NA,NA,NA,NA,NA,NA,NA,2992,1455,733,360,368
bmu,NA,NA,NA,NA,NA,NA,NA,NA,NA,NA,NA,NA,NA,NA,NA,NA,NA,NA,NA,NA,1,1,1.25,1.5,1.75,2,NA,NA,NA,NA,NA,NA,NA
bol,NA,NA,NA,NA,NA,NA,NA,NA,NA,NA,NA,NA,NA,NA,NA,NA,NA,NA,NA,NA,1,4,3,1,1,1,NA,NA,NA,NA,NA,NA,NA
bra,NA,NA,NA,NA,NA,NA,NA,NA,NA,NA,NA,1055,1582,1184.6,1373.6,2025.5,2062.8,2006.1,2249.3,2403.7,3042,2796,2312,3234,4755,5448,8728,15542,15234,17000,20193,19848,21662
brb,NA,NA,NA,NA,NA,NA,NA,NA,NA,NA,NA,NA,NA,NA,NA,NA,NA,NA,NA,NA,2,1,1,NA,NA,NA,NA,NA,NA,NA,NA,NA,NA
brn,NA,NA,NA,NA,NA,NA,NA,NA,NA,NA,NA,0.1,0.1,0.1,0.1,0.1,0.1,NA,NA,NA,NA,NA,NA,NA,NA,NA,NA,NA,NA,NA,NA,NA,NA
btn,NA,NA,NA,NA,NA,NA,NA,NA,NA,NA,NA,2.1,2.1,1.9,1.8,1.7,1.3,0.9,1,0.9,0.5,0.3,NA,NA,NA,NA,NA,NA,NA,NA,NA,NA,NA
bwa,NA,NA,NA,NA,NA,NA,NA,NA,NA,NA,NA,65.7,65.5,64.1,61.1,55.9,44.8,32.3,35.5,26.5,15.9,1.3,0.1,23.73333333,47.36666667,71,268.5,466,815,912,1041,1019,811
can,22,56,144,366,423,673,1918,3070,4559,4988,7632,13625.9,19679.4,22257.4,30632.6,26485,30361,24336.7,32644.6,38680.8,41362,30692,21533,24447,24319,24664.1,37565,47800,48642,51772,62051,58800,49842
che,NA,NA,114,263,321,465,603,740,1035.3,1385,2057,2267,2838,3312,2647,2739,3148,3088,2677,239,1789.1,1941.1,1953,1187.1,364,116,132.8333333,149.6666667,166.5,183.3333333,200.1666667,217,228
chl,NA,NA,NA,NA,NA,NA,NA,NA,NA,197.2,320.4,871.3,1190.2,1335,1282.1,1727.7,1687.4,1873.4,1910.9,2049.9,1946,2197,1690,1794,1740,1318,1675,1806,3721,3391,4589,4571,8435
chn,NA,NA,NA,NA,NA,NA,NA,NA,NA,NA,NA,866.1,7067.2,6064,10089.5,12522.1,14202.9,21486.4,31654.5,18767.5,41073.4,97341.8,396636.8,230121.1,353788.2,484690.1,597260,752254,958542,1318885,1305122,2149644,2891227
cmr,NA,NA,NA,NA,NA,NA,NA,NA,NA,NA,NA,1.3,1.3,1.3,1.3,1.6,1.7,2.1,2.3,2.1,10.2,5.6,1,1,1,1,NA,NA,NA,NA,NA,NA,NA
cod,NA,NA,NA,NA,NA,NA,NA,NA,NA,NA,NA,NA,NA,NA,2,65,134,11,24,50,311,649,327,390,237,176,167,156,169,136,132,160,209
col,NA,NA,NA,NA,NA,NA,NA,NA,NA,NA,NA,NA,NA,NA,NA,NA,100,378,522,535,1010,1850,2600,2800,2263,3443,3343,3916,4640,5229,4826,4042,5129
cpv,NA,NA,NA,NA,NA,NA,NA,NA,NA,NA,NA,NA,NA,NA,NA,NA,NA,NA,NA,NA,33,9,NA,NA,NA,NA,NA,NA,NA,NA,NA,NA,NA
cri,NA,NA,NA,NA,NA,NA,NA,NA,NA,NA,NA,NA,NA,NA,NA,NA,NA,NA,NA,NA,NA,NA,NA,NA,NA,NA,1,1,1,1,1,2,1
csk,NA,NA,NA,NA,NA,NA,NA,NA,NA,NA,NA,NA,NA,NA,27330.4,27496.6,29731.1,23055,40239.5,25390.8,47261,64208.9,83661,101932,101361,107397,NA,NA,NA,NA,NA,NA,NA
cub,NA,NA,NA,NA,NA,NA,NA,NA,NA,NA,NA,NA,NA,NA,NA,NA,NA,NA,NA,NA,48,32,43,91,65,57,95,126,153,77,22,22,13
cyp,NA,NA,NA,NA,NA,NA,NA,NA,NA,NA,NA,NA,NA,NA,NA,NA,NA,NA,NA,NA,2,1,13.16666667,25.33333333,37.5,49.66666667,61.83333333,74,97,97,49,53,27
cze,NA,NA,NA,NA,NA,NA,NA,NA,NA,NA,NA,NA,NA,NA,NA,NA,NA,NA,NA,NA,NA,NA,NA,NA,NA,NA,NA,NA,NA,63929,59275,54719,50960
deu,6965,12765,16731,28553,34003,45157,57414.4,70743,90817,105894,149856,178999,212970,234815,238643,268727,273733.7,269489.1,398059,65283.9,328847,445887,475930,506092,465045,601455,NA,NA,NA,NA,NA,NA,NA
dnk,128,171,205,383,431,550,702,955,1081,1328,1940,2265,2771,3890,2711,4041,5059,5437,4191.5,2257.7,6600.5,7802.5,8224.3,6762.5,3641,3889,9864,11907,9991,11006,6610,6276,6637
dom,NA,NA,NA,NA,NA,NA,NA,NA,NA,NA,NA,NA,NA,NA,NA,NA,NA,NA,NA,NA,NA,1,1,1,1,1,112.5,224,17,80,93,476,747
dza,NA,NA,NA,NA,NA,NA,NA,NA,NA,NA,NA,NA,NA,NA,367,973,1392.3,922,592.9,482.4,829,666,475,91,83,45,93,1226,1005,632,689,819,NA
egy,NA,NA,NA,NA,NA,NA,NA,NA,NA,NA,NA,218.9,199.5,174.9,145.5,111.8,80.6,81.1,68.3,58.9,222,103,45,409,495,1514,878,1174,1292,1475,1745,1735,1558
esp,186,208,739.9,891.9,1183.4,1253.2,1648.7,2123.4,2735.3,3222.1,4240.6,5195.5,5744,5930.4,5667,7577.7,8484.3,7474.5,8284.9,10570.6,12946,14683,15833,17409,16657,17841,31153,48378,46887,42677,45612,44003,14344
est,NA,NA,NA,NA,NA,NA,NA,NA,NA,NA,NA,NA,NA,NA,NA,NA,NA,NA,NA,NA,NA,NA,NA,NA,NA,NA,NA,NA,25692,12328,11351,12233,14056
eth,NA,NA,NA,NA,NA,NA,NA,NA,NA,NA,NA,NA,NA,NA,NA,NA,NA,NA,NA,NA,8,11,9,9,NA,NA,NA,NA,NA,NA,NA,NA,NA
fin,NA,NA,14,23,33,30,34,76,69,74,204,189,362,7,90,612,917,1222,690,111,1564,2244,2945,2835,3249,4014,8280,9222,10457,13456,11333,11256,16289
fji,NA,NA,NA,NA,NA,NA,NA,NA,NA,NA,NA,NA,NA,NA,NA,NA,NA,NA,NA,NA,10,18,7,3,10,17,NA,NA,NA,NA,NA,NA,NA
fra,7225,12293,14264,18470,18980,24567,28700,29922,36746,38567,48655,57023.3,64345.6,44972.9,61575.7,78540,90089.4,68719.9,49489.3,40871.3,60186,62101,66954,65626,49967,37497,47679,36815,29019,21986,20481,NA,NA
fro,NA,NA,NA,NA,NA,NA,NA,NA,NA,NA,NA,NA,NA,NA,NA,NA,NA,NA,NA,NA,13,7,1,2,1,NA,NA,NA,NA,NA,NA,NA,NA
gbr,54140,57600,74164,90723,100862,119780,130997,138834,155329,160480,183998,191679,205595,213029,207873,196606,192020,186470,207937,182339,206008,225283,192666,187813,149526,119878,121745,102076,104926,75369,58930,60625,50264
geo,NA,NA,NA,NA,NA,NA,NA,NA,NA,NA,NA,NA,NA,NA,NA,NA,NA,NA,NA,NA,NA,NA,NA,NA,NA,NA,NA,NA,1325,42,19,18,83
gha,NA,NA,NA,NA,NA,NA,NA,NA,NA,NA,NA,NA,NA,NA,NA,NA,NA,NA,NA,NA,63,123,38,27,32,10,NA,NA,NA,NA,NA,NA,NA
gib,NA,NA,NA,NA,NA,NA,1,1,1,1,1,2,2,2,1,1,2,1,2,2,231,43,10,5,2,1,NA,NA,NA,NA,NA,NA,NA
glp,NA,NA,NA,NA,NA,NA,NA,NA,NA,NA,NA,22,44.8,68.8,94.2,122.8,139.4,128.2,134.3,70.2,12.3,7.9,1.1,0.2,NA,NA,NA,NA,NA,NA,NA,NA,NA
grc,NA,NA,NA,NA,76,68,80.25,92.5,104.75,117,168,114,271,40,409,772,957,836.9,250,70,464,1089,2757,5291,15265,17205,21634,36743,52504,58251,65449,70248,58318
grd,NA,NA,NA,NA,NA,NA,NA,NA,NA,NA,NA,NA,NA,NA,NA,8.3,17.4,14.7,9.9,6.1,3.8,NA,NA,NA,NA,NA,NA,NA,NA,NA,NA,NA,NA
grl,NA,NA,NA,NA,NA,NA,NA,NA,NA,NA,NA,NA,NA,NA,NA,NA,NA,NA,NA,NA,31,33,46,29,29,NA,NA,NA,NA,NA,NA,NA,NA
gtm,NA,NA,NA,NA,NA,NA,NA,NA,NA,NA,NA,NA,NA,NA,NA,NA,NA,NA,NA,NA,NA,NA,NA,NA,NA,NA,22,70.25,118.5,166.75,215,409,491
guy,NA,NA,NA,NA,NA,NA,NA,NA,NA,NA,NA,NA,NA,NA,NA,NA,NA,NA,NA,NA,NA,1,NA,NA,NA,NA,NA,NA,NA,NA,NA,NA,NA
hkg,NA,NA,NA,NA,NA,NA,NA,NA,NA,NA,NA,NA,NA,NA,NA,NA,NA,NA,NA,NA,NA,NA,NA,NA,NA,NA,3,5162,9883,9725,6879,10824,10324
hnd,NA,NA,NA,NA,NA,NA,NA,NA,NA,NA,NA,NA,NA,NA,NA,NA,NA,NA,NA,NA,NA,NA,NA,NA,NA,NA,NA,NA,NA,NA,135,183,107
hrv,NA,NA,NA,NA,NA,NA,NA,NA,NA,NA,NA,NA,NA,NA,NA,NA,NA,NA,NA,NA,NA,NA,NA,NA,NA,NA,NA,NA,NA,330,703,1140,1171
hti,NA,NA,NA,NA,NA,NA,NA,NA,NA,NA,NA,NA,NA,NA,NA,NA,NA,NA,NA,NA,NA,NA,NA,NA,NA,NA,NA,61,12,NA,NA,NA,NA
hun,NA,247,475,619,1139,1452.1,1818.1,2543.1,3247.2,4543.3,6497.4,6934.4,8664.6,9355.9,5423.7,7650.4,8985.3,8959.5,12817.7,4802.3,14922.9,26098.1,32530.4,40437.8,27885,25289,26033,23719,18425,16619,15080,11525,10988
idn,NA,NA,NA,NA,NA,NA,NA,NA,6,129,203,521.5,743.7,805.2,1255.3,1536,1959.9,1126.3,2026.7,316.2,767,800,686,287,991.1,220,128,2027,8224,12262,24739,41321,59920
ind,NA,NA,268.5,235.6,403.6333333,571.6666667,739.7,938.9,1573.7,2566.1,4438.2,8076.9,10310.5,13801.4,14241.1,16233.6,18109.9,17295.4,21978.4,21643,30893.1,37320.1,51332,68541,74430,95362,105181,152012,215484,289890,351446,458915,637958
irl,149,146.3333333,143.6666667,141,138.3333333,135.6666667,133,124.3333333,115.6666667,107,98.33333333,89.66666667,81,86,110,2275,2547.6,2402,2924.3,1153.7,2173,1953,1862,1480,5443,3292,6091,7289,8393,7412,6162,6278,5205
irn,NA,NA,NA,NA,NA,NA,NA,NA,NA,NA,NA,NA,NA,NA,NA,NA,NA,NA,92,150,200,244,230,285,530,1095,1783,1444,1061,1546,1748,1996,1298
irq,NA,NA,NA,NA,NA,NA,NA,NA,NA,NA,NA,NA,NA,NA,NA,NA,NA,NA,NA,NA,2,2,1,1,1,NA,NA,NA,NA,NA,NA,NA,NA
isl,9,10,11,12,13,14,15,16,17,18,20,22,24,26,29,32,36,39,42,47,95,61,27.9,17.1,1,6.5,12,69,65,65,101,117,106
isr,NA,NA,NA,NA,NA,NA,NA,NA,NA,NA,NA,NA,NA,NA,NA,NA,NA,NA,NA,NA,14,17,35,3,19.6,4,1465.5,2927,4023,7049,10705,13123,12730
ita,NA,NA,30,493,1001,1177,1877,3147,4731,4610,5427,6910.4,9921.6,9334.6,7357.4,11820,13756.4,15669.6,18245.3,2295.6,9897,11847,11260,12173.8,13272,13456,18397,23914,22229,16283,17151,22873,20691
jam,NA,NA,NA,NA,NA,NA,NA,NA,NA,NA,NA,NA,NA,NA,NA,NA,NA,NA,NA,NA,15,17,11.66666667,6.333333333,1,13.75,26.5,39.25,52,55,53,59,54
jpn,NA,NA,NA,NA,6,531.4,828.4,1194.1,2387.3,4428.4,6947.1,10870.5,14546,19387.7,27607.1,30586.5,31422.4,38610.4,56581.3,28361.2,40070,46273,60746,67120,84198,79277,82354,106731,111887,125265,139522,169506,164764
kaz,NA,NA,NA,NA,NA,NA,NA,NA,NA,NA,NA,NA,NA,NA,NA,NA,NA,NA,NA,NA,NA,NA,NA,NA,NA,NA,NA,NA,89249,64825,45780,61272,78042
ken,NA,NA,NA,NA,NA,NA,NA,NA,NA,NA,NA,NA,NA,NA,NA,NA,NA,NA,NA,NA,42,25,40,54,81,43,16,90,151,96,66,89,165
kgz,NA,NA,NA,NA,NA,NA,NA,NA,NA,NA,NA,NA,NA,NA,NA,NA,NA,NA,NA,NA,NA,NA,NA,NA,NA,NA,NA,NA,6154,792,1169,1339,1504
khm,NA,NA,NA,NA,NA,NA,NA,NA,NA,NA,NA,NA,NA,NA,NA,NA,NA,NA,NA,NA,NA,NA,NA,28,13,13.5,14,14.5,15,15.5,16,16.5,17
kor,NA,NA,NA,NA,NA,NA,NA,NA,NA,NA,NA,NA,NA,NA,NA,NA,NA,NA,NA,NA,783,2340,5263,10143,1772,3167,7825,16936,24076,39166,66406,75142,110066
lbn,NA,NA,NA,NA,NA,NA,NA,NA,NA,NA,NA,NA,NA,NA,NA,NA,NA,NA,NA,NA,NA,NA,NA,1,1,1,1,60.66666667,120.3333333,180,200,200,340
lby,NA,NA,NA,NA,NA,NA,NA,NA,NA,NA,NA,NA,NA,NA,NA,NA,NA,NA,NA,NA,5,75,33,7,NA,NA,NA,NA,NA,NA,NA,NA,NA
lie,1,1,1,1,1,1,1,1,1,1,1,2,2,3,3,3,3,4,4,4,4,4,5,5,4,2,NA,NA,NA,NA,NA,NA,NA
lka,NA,NA,NA,NA,NA,NA,NA,NA,NA,NA,NA,2460.8,2189.6,1847.8,1492.8,1056.9,575.9,356.6,266.2,191.4,456,201,260,139,20,17,14,11,8,5,49,93,95
lso,NA,NA,NA,NA,NA,NA,NA,NA,NA,NA,NA,188.4,184.1,176.1,164.2,139.8,102.6,67.7,71,51.2,26.9,2.2,0.1,NA,NA,NA,NA,NA,NA,NA,NA,NA,NA
ltu,NA,NA,NA,NA,NA,NA,NA,NA,NA,NA,NA,NA,NA,NA,NA,NA,NA,NA,NA,NA,NA,NA,NA,NA,NA,NA,NA,NA,1340,429,155,321,328
lux,1,3,5,8,11,15,19,23,26,30,35,40,45,48,53.2,63.2,77.6,72.9,71,70.4,274.5,294.4,246.3,114.2,127,523,374,199,197,217,172,122,102
lva,NA,NA,NA,NA,NA,NA,NA,NA,NA,NA,NA,NA,NA,NA,NA,NA,NA,NA,NA,NA,NA,NA,NA,NA,NA,NA,NA,NA,1117,548,331,128,171
mac,NA,NA,NA,NA,NA,NA,NA,NA,NA,NA,NA,NA,NA,NA,NA,NA,NA,NA,NA,NA,NA,2,6,4,5,3,NA,NA,NA,NA,NA,NA,NA
mar,NA,NA,NA,NA,NA,NA,NA,NA,NA,NA,NA,NA,NA,NA,NA,NA,1,53,143,179,312,273,307,354,481,728,624,1102,1774,2665,4018,4938,4223
mda,NA,NA,NA,NA,NA,NA,NA,NA,NA,NA,NA,NA,NA,NA,NA,NA,NA,NA,NA,NA,NA,NA,NA,NA,NA,NA,NA,NA,4510,1314,242,167,186
mdg,NA,NA,NA,NA,NA,NA,NA,NA,NA,NA,NA,NA,NA,NA,NA,NA,NA,NA,NA,3,61,10,18,15,21,20,NA,NA,NA,NA,NA,NA,NA
mdv,NA,NA,NA,NA,NA,NA,NA,NA,NA,NA,NA,30.3,27.7,24.2,19.6,14.2,7.8,5.1,3.8,2.6,1.2,0.2,NA,NA,NA,NA,NA,NA,NA,NA,NA,NA,NA
mex,NA,NA,NA,NA,NA,NA,NA,NA,NA,187.1,377,602.6,965.3,321.3,510.5,1031.7,923.9,896.1,582.6,653.3,942,1392,1824,2064,3109,5649,3975,5276,6860,10245,12294,17559,17642
mkd,NA,NA,NA,NA,NA,NA,NA,NA,NA,NA,NA,NA,NA,NA,NA,NA,NA,NA,NA,NA,NA,NA,NA,NA,NA,NA,NA,NA,NA,7435,7769,7475,6943
mli,NA,NA,NA,NA,NA,NA,NA,NA,NA,NA,NA,NA,NA,NA,NA,NA,NA,NA,NA,NA,NA,NA,0.5,NA,NA,NA,NA,NA,NA,NA,NA,NA,NA
mlt,NA,NA,NA,NA,NA,NA,NA,NA,NA,NA,NA,NA,NA,NA,NA,NA,NA,NA,NA,NA,19,18,2,1,9,5,98.5,192,300,52,NA,NA,NA
mmr,NA,NA,NA,NA,NA,NA,NA,NA,NA,NA,NA,NA,NA,NA,NA,NA,NA,NA,NA,NA,150,200,343,135,218,251,248,266,118,38,580,574,692
mng,NA,NA,NA,NA,NA,NA,NA,NA,NA,NA,NA,NA,NA,NA,NA,NA,NA,NA,NA,NA,270,303,671,1069,2001,2727,4447,6167,6649,5204,5212,5473,6511
moz,NA,NA,NA,NA,NA,NA,NA,NA,NA,NA,NA,NA,NA,NA,NA,NA,NA,15,20,12,270,392,503,477,579,517,288,106,58,56,39,22,5
mrt,NA,NA,NA,NA,NA,NA,NA,NA,NA,NA,NA,NA,NA,NA,NA,NA,NA,NA,NA,NA,NA,NA,NA,NA,12,6,NA,NA,NA,NA,NA,NA,NA
mus,NA,NA,NA,NA,NA,NA,NA,NA,NA,NA,NA,NA,NA,NA,NA,NA,NA,NA,NA,NA,49,10,3,2,NA,NA,NA,NA,NA,NA,NA,NA,NA
mwi,NA,NA,NA,NA,NA,NA,NA,NA,NA,NA,NA,NA,NA,NA,NA,NA,NA,NA,NA,NA,NA,NA,NA,68,44,71,NA,NA,NA,NA,NA,NA,NA
mys,NA,NA,NA,NA,NA,NA,NA,NA,NA,NA,NA,NA,NA,NA,NA,NA,NA,NA,NA,NA,NA,NA,NA,NA,12,16,84,574,2104,2647,3943,10921,23441
nam,NA,NA,NA,NA,NA,NA,NA,NA,NA,NA,NA,97.4,91.5,84.5,75.9,67,51.7,36,38.1,27.6,17.2,1.4,0.1,2.371428571,4.642857143,6.914285714,9.185714286,11.45714286,13.72857143,16,3,20,136
ncl,NA,NA,NA,NA,NA,NA,NA,NA,NA,NA,NA,NA,NA,NA,NA,NA,NA,NA,NA,NA,69,166,139,250,258,102,NA,NA,NA,NA,NA,NA,NA
nga,NA,NA,NA,NA,NA,NA,NA,NA,NA,NA,NA,12,12,16.8,192.9,253,364,274.4,328.6,532.4,662,660,545,706,64,257,183,102,67,20,3,8,8
nld,1182,1752,1808,1443,1842,2003,2949,3462,3756,4208,5321,6467.2,8473.1,10384.3,9663.7,13897.1,16901.7,14819.5,14888.6,6718,17215,18838,17433,16811,6955,3800,6396,9534,13241,13534,11800,11584,10882
nor,52,97,126,178,235,380,462,661,767,1121,1520,1513,2163.8,3112.2,1900.7,2648.7,2916.9,3105.7,2110.4,1129.7,1541.2,1360,840.1,849,797,837,967,1104,775,866,884,635,610
npl,NA,NA,NA,NA,NA,NA,NA,NA,NA,NA,NA,2836.7,2847.4,2900.3,3020.7,3144.7,3097.5,2669.2,2018.4,1865.9,1684.8,170.3,13,12,10,47,82,16,70,123,430,410,337
nzl,1,3,5,11,22,39,246.9,425.2,535.8,611.5,920.2,1347.3,1883.9,1921.9,1411.6,1647.5,1897.3,1564.4,1769.1,2082.5,2776,2606,3044,2706,2246,2415,1829,2005,2167,2192,2059,4248,2603
pak,NA,NA,NA,NA,NA,NA,NA,NA,NA,NA,NA,NA,NA,NA,NA,NA,NA,NA,NA,NA,1469,1574,2213,2273,1809,1248,1667,2954,4245,4723,4045,7714,7717
pan,NA,NA,NA,NA,NA,NA,NA,NA,NA,NA,NA,NA,NA,NA,NA,NA,NA,NA,NA,NA,NA,NA,NA,NA,NA,NA,NA,30,32,51,60,NA,NA
per,NA,NA,NA,NA,NA,NA,NA,NA,NA,NA,48,75,307,291,378,102,201,85,113.3,202.1,141,136.1,135,114,76,70,75,164,128,385,731,1082,1270
phl,NA,NA,NA,NA,NA,NA,NA,NA,NA,NA,NA,NA,19.6,20.3,39.1,32.4,14.2,16.2,42.5,102.25,162,130,148,95,42,91,289,2685,2058,2813,8500,9834,13111
pol,1206.9,2118.2,2822,4681.8,6280.7,9042.8,9913.4,12212.4,15691.2,18233.9,23502.8,27434.2,33715.9,34871.4,27969.6,17356.6,20706.5,16558.4,63989.8,23067.3,53518,72318,91583,116424,154604.4,193258.9,195050,214474,186388,168953,142906,140205,138713
pri,NA,NA,NA,NA,NA,NA,NA,NA,NA,NA,NA,NA,NA,NA,NA,NA,NA,NA,NA,NA,12,3,NA,NA,NA,NA,NA,NA,NA,NA,NA,NA,NA
prk,NA,NA,NA,NA,NA,NA,NA,NA,NA,NA,NA,NA,NA,NA,NA,NA,NA,NA,NA,NA,230,3329,10616,17786,28001,41149,44456,54200,48453,31940,29383,31806,27356
prt,NA,NA,NA,NA,8.5,440,331,409,619,623,913,1527.5,1738.7,1592.6,1134,1409.5,1687.5,1562.6,1280.5,1099,1224,970,943,945,892,578,612,1066,4392,5708,6148,5452,2685
reu,NA,NA,NA,NA,NA,NA,NA,NA,NA,NA,NA,98.8,82,65.5,49.1,35.4,19.8,12.5,9.5,7,3.5,0.6,NA,NA,NA,NA,NA,NA,NA,NA,NA,NA,NA
rou,NA,NA,NA,NA,NA,NA,NA,139,241,313,221,300,362,300,1588,3202,2538.1,2004,2682,2031,3102,5090,7185,10996,20417,28021,38279,51379,44656,44522,31572,35792,31814
rus,NA,NA,NA,NA,NA,NA,NA,NA,NA,NA,NA,NA,NA,NA,NA,NA,NA,NA,NA,NA,NA,NA,NA,NA,NA,NA,NA,NA,355219,240169,228862,212260,187684
sdn,NA,NA,NA,NA,NA,NA,NA,NA,NA,NA,NA,NA,NA,NA,NA,NA,NA,NA,NA,NA,54,47,10,6,1,NA,NA,NA,NA,NA,NA,NA,NA
sen,NA,NA,NA,NA,NA,NA,NA,NA,NA,NA,NA,NA,NA,NA,NA,NA,NA,NA,NA,NA,NA,NA,NA,NA,NA,NA,NA,NA,NA,NA,NA,152,264
sgp,NA,NA,NA,NA,NA,NA,NA,NA,NA,NA,NA,1.6,1.6,1.6,1.6,1.6,1.2,0.1,0.48,0.86,1.24,1.62,2,2,3,4,1,2,2,NA,NA,NA,NA
sle,NA,NA,NA,NA,NA,NA,NA,NA,NA,NA,NA,NA,NA,NA,NA,NA,NA,NA,NA,NA,40,31,11,4,NA,NA,NA,NA,NA,NA,NA,NA,NA
spm,NA,NA,NA,NA,NA,NA,NA,NA,NA,NA,NA,NA,NA,NA,NA,NA,NA,NA,NA,NA,6,10,11,7,3,1,NA,NA,NA,NA,NA,NA,NA
sur,NA,NA,NA,NA,NA,NA,NA,NA,NA,NA,NA,NA,NA,NA,NA,NA,NA,NA,NA,NA,2,2,2.75,3.5,4.25,5,NA,NA,NA,NA,NA,NA,NA
svk,NA,NA,NA,NA,NA,NA,NA,NA,NA,NA,NA,NA,NA,NA,NA,NA,NA,NA,NA,NA,NA,NA,NA,NA,NA,NA,NA,NA,NA,12245,8504,7901,6833
svn,NA,NA,NA,NA,NA,NA,NA,NA,NA,NA,NA,NA,NA,NA,NA,NA,NA,NA,NA,NA,NA,NA,NA,NA,NA,NA,NA,NA,NA,5228,4925,5182,4922
swe,76,119,283.1,406.6,499.4,847.5,1052.8,1414.7,1831.7,2176.1,3364.1,3710.1,4734.5,5438.8,3580.8,4485.3,6339.7,7393.9,6183.6,933.3,5984,4291,2804,2180,1215,1350,2090,4404,4339,4172,3543,3851,3979
swz,NA,NA,NA,NA,NA,NA,NA,NA,NA,NA,NA,28.9,29.3,29.3,28.4,26.5,21.6,15.9,17.7,13.5,8.9,1.7,12,30,138,127,NA,NA,NA,NA,NA,NA,NA
syr,NA,NA,NA,NA,NA,NA,NA,NA,NA,NA,NA,NA,NA,NA,NA,NA,NA,NA,NA,NA,1,4,2,2,1,1,1,NA,NA,NA,NA,NA,NA
tha,NA,NA,NA,NA,NA,NA,NA,NA,NA,NA,NA,NA,NA,NA,NA,NA,NA,NA,NA,NA,20,79,120,126,400,503,1542,5344,12707,20801,21270,29521,35419
tjk,NA,NA,NA,NA,NA,NA,NA,NA,NA,NA,NA,NA,NA,NA,NA,NA,NA,NA,NA,NA,NA,NA,NA,NA,NA,NA,NA,NA,1494,41,129,189,256
tkm,NA,NA,NA,NA,NA,NA,NA,NA,NA,NA,NA,NA,NA,NA,NA,NA,NA,NA,NA,NA,NA,NA,NA,NA,NA,NA,NA,NA,670,NA,NA,NA,NA
tto,NA,NA,NA,NA,NA,NA,NA,NA,NA,NA,NA,NA,NA,NA,NA,45,93.8,75,53.3,44.1,46,2,2,1,NA,NA,NA,NA,NA,NA,NA,NA,NA
tun,NA,NA,NA,NA,NA,NA,NA,NA,NA,NA,NA,NA,NA,NA,10.5,12.55,14.6,12.6,19.6,30.8,163,36,34,31,29,53,21,21,15,NA,NA,NA,NA
tur,NA,NA,NA,56.7,59.5,131.9,52,73.4,138.4,140.3,390.2,577.8,709.8,390.1,528.6,892.5,1486.3,2210.5,2008,2606.8,3578.9,4686,5280,7475,7639,15636,20187,41265,54193,61017,79930,76576,95030
twn,NA,NA,NA,NA,NA,NA,NA,NA,NA,NA,42,295,428,577.5,1334.5,1860,1794.5,1880.3,3148.5,962.8,1340,2225,3702,5050,4786,3322,5929,11080,17040,25315,44710,58790,61596
tza,NA,NA,NA,NA,NA,NA,NA,NA,NA,NA,NA,NA,NA,NA,NA,NA,NA,NA,NA,NA,58,6,2,2,3,1,1,19,4,39,79,75,105
ukr,NA,NA,NA,NA,NA,NA,NA,NA,NA,NA,NA,NA,NA,NA,NA,NA,NA,NA,NA,NA,NA,NA,NA,NA,NA,NA,NA,NA,145172,86689,64648,60248,65802
ury,NA,NA,NA,NA,NA,NA,NA,NA,NA,NA,NA,NA,NA,NA,NA,NA,173.9,136.5,83.1,44,128.1,92,76,47,37,37,4,2.5,1,1,1,1,4
usa,7460.5,14383.3,17803.2,21786.3,36399.5,49873.4,70973.1,98116.6,140316.2,170507.7,236155.3,351592.1,444555.1,464315.1,558699.3,511053.2,471147.3,372725.3,442553.6,537644.2,481949,396115,430402.4,507746,555472.9,580285.8,688238.7,770347.8,848083.9,895959,1001317.3,1044898.5,974919.7
ussr,43.5,129.7,251,331.7,1432,2506.1,4641.9,5409.3,6797.5,9883.7,18062.8,19782.1,26233,27991.8,7681.4,14574.3,39144,92168.8,146341.5,132998.5,268789,395610,482585,529467,560093,628616,NA,NA,NA,NA,NA,NA,NA
uzb,NA,NA,NA,NA,NA,NA,NA,NA,NA,NA,NA,NA,NA,NA,NA,NA,NA,NA,NA,NA,NA,NA,NA,NA,NA,NA,NA,NA,8940,2956,3462,3154,3393
ven,NA,NA,NA,NA,NA,NA,NA,NA,NA,NA,NA,NA,NA,14,24,64,9,1,5,7,2,32,35,41,69,67,42,42,355,7,181,51,273
vir,NA,NA,NA,NA,NA,NA,NA,NA,NA,NA,NA,NA,NA,NA,NA,NA,NA,NA,NA,NA,NA,1.3,1.3,NA,NA,NA,NA,NA,NA,NA,NA,NA,NA
vnm,NA,NA,NA,NA,NA,NA,NA,NA,NA,NA,NA,NA,NA,NA,NA,NA,NA,NA,NA,NA,NA,NA,NA,NA,2747,4590,4052,4990,3951,5917,7808,14812,26150
yug,NA,NA,NA,NA,NA,NA,1,23,66,272.4,544.6,719.5,979.5,1934.05,2888.6,4679.9,5815.7,4777.9,7288.6,3587.8,12827,16091,24012.9,31089.2,26389.7,37573,44160,71156,NA,NA,NA,NA,NA
zaf,NA,NA,NA,NA,NA,NA,NA,14.2,111.6,1258.6,877.7,6179.1,8739.7,9183.1,11642.2,12693.7,12225.7,13002.5,16533.9,21606.4,26473,32147,38173,48460,54612,69440,80301,88390,97330,104078,114260,131762,145287
zmb,NA,NA,NA,NA,NA,NA,NA,NA,NA,NA,NA,NA,NA,NA,NA,NA,NA,NA,NA,NA,NA,NA,NA,1160,991,814,619,471,375,148,129,141,2
zwe,NA,NA,NA,NA,NA,NA,NA,NA,NA,NA,NA,NA,NA,NA,NA,NA,NA,NA,NA,NA,NA,NA,NA,1414,2533,2213,2688,2904,5350,4495,4325,3721,3154
