cou_abb,reg_abb,fuel,CON_COMB,PP_EX_WB,PP_EX_OTH,PP_NEW,PP_IGCC,DOM,TRA_RD,TRA_OT,TRA_OTS,IN_BO,IN_OC
INDI,ANPR,BC1,0.3,n.a,0.3,0.3,n.a,0.3,n.a,n.a,n.a,0.3,0.3
INDI,ANPR,BC2,0.3,n.a,0.3,0.3,n.a,0.3,n.a,n.a,n.a,0.3,0.3
INDI,ANPR,HC1,0.05,0.05,0.05,0.05,n.a,0.1,n.a,0.05,n.a,0.05,0.05
INDI,ANPR,HC2,0.05,0.05,0.05,0.05,n.a,0.1,n.a,0.05,n.a,0.05,0.05
INDI,ANPR,HC3,0.05,0.05,0.05,0.05,n.a,0.1,n.a,0.05,n.a,0.05,0.05
INDI,ANPR,DC,0.05,n.a,0.05,0.05,n.a,0.1,n.a,0.05,n.a,0.05,0.85
INDI,ANPR,OS1,0.02,n.a,0,0,n.a,0.03,n.a,n.a,n.a,0.02,0.02
INDI,ANPR,ARD,n.a,n.a,n.a,n.a,n.a,n.a,n.a,n.a,n.a,n.a,n.a
INDI,ANPR,BGS,n.a,n.a,n.a,n.a,n.a,n.a,n.a,n.a,n.a,n.a,n.a
INDI,ANPR,BIOG,n.a,n.a,n.a,n.a,n.a,n.a,n.a,n.a,n.a,n.a,n.a
INDI,ANPR,BMG,n.a,n.a,n.a,n.a,n.a,n.a,n.a,n.a,n.a,n.a,n.a
INDI,ANPR,CHCOA,n.a,n.a,n.a,n.a,n.a,n.a,n.a,n.a,n.a,n.a,n.a
INDI,ANPR,DNG,n.a,n.a,n.a,n.a,n.a,n.a,n.a,n.a,n.a,n.a,n.a
INDI,ANPR,FWD,n.a,n.a,n.a,n.a,n.a,n.a,n.a,n.a,n.a,n.a,n.a
INDI,ANPR,OS2,0.08,n.a,0.08,0.08,n.a,0.19,n.a,n.a,n.a,0.08,0.08
INDI,ANPR,BLIQ,n.a,n.a,n.a,n.a,n.a,n.a,n.a,n.a,n.a,n.a,n.a
INDI,ANPR,WSFNR,n.a,n.a,n.a,n.a,n.a,n.a,n.a,n.a,n.a,n.a,n.a
INDI,ANPR,WSFR,n.a,n.a,n.a,n.a,n.a,n.a,n.a,n.a,n.a,n.a,n.a
INDI,ANPR,GAS,n.a,n.a,n.a,n.a,n.a,n.a,n.a,n.a,n.a,n.a,n.a
INDI,ANPR,HF,n.a,n.a,n.a,n.a,n.a,n.a,n.a,n.a,n.a,n.a,n.a
INDI,ANPR,H2,n.a,n.a,n.a,n.a,n.a,n.a,n.a,n.a,n.a,n.a,n.a
INDI,ANPR,MD,n.a,n.a,n.a,n.a,n.a,n.a,n.a,n.a,n.a,n.a,n.a
INDI,ANPR,GSL,n.a,n.a,n.a,n.a,n.a,n.a,n.a,n.a,n.a,n.a,n.a
INDI,ANPR,LPG,n.a,n.a,n.a,n.a,n.a,n.a,n.a,n.a,n.a,n.a,n.a
INDI,ANPR,SUM,0.9,0.15,0.88,0.88,0,1.22,0,0.2,0,0.9,1.7
INDI,ASSA,BC1,0.3,n.a,0.3,0.3,n.a,0.3,n.a,n.a,n.a,0.3,0.3
INDI,ASSA,BC2,0.3,n.a,0.3,0.3,n.a,0.3,n.a,n.a,n.a,0.3,0.3
INDI,ASSA,HC1,0.05,0.05,0.05,0.05,n.a,0.1,n.a,0.05,n.a,0.05,0.05
INDI,ASSA,HC2,0.05,0.05,0.05,0.05,n.a,0.1,n.a,0.05,n.a,0.05,0.05
INDI,ASSA,HC3,0.05,0.05,0.05,0.05,n.a,0.1,n.a,0.05,n.a,0.05,0.05
INDI,ASSA,DC,0.05,n.a,0.05,0.05,n.a,0.1,n.a,0.05,n.a,0.05,0.85
INDI,ASSA,OS1,0.02,n.a,0.02,0.02,n.a,0.04,n.a,n.a,n.a,0.02,0.02
INDI,ASSA,ARD,n.a,n.a,n.a,n.a,n.a,n.a,n.a,n.a,n.a,n.a,n.a
INDI,ASSA,BGS,n.a,n.a,n.a,n.a,n.a,n.a,n.a,n.a,n.a,n.a,n.a
INDI,ASSA,BIOG,n.a,n.a,n.a,n.a,n.a,n.a,n.a,n.a,n.a,n.a,n.a
INDI,ASSA,BMG,n.a,n.a,n.a,n.a,n.a,n.a,n.a,n.a,n.a,n.a,n.a
INDI,ASSA,CHCOA,n.a,n.a,n.a,n.a,n.a,n.a,n.a,n.a,n.a,n.a,n.a
INDI,ASSA,DNG,n.a,n.a,n.a,n.a,n.a,n.a,n.a,n.a,n.a,n.a,n.a
INDI,ASSA,FWD,n.a,n.a,n.a,n.a,n.a,n.a,n.a,n.a,n.a,n.a,n.a
INDI,ASSA,OS2,0.08,n.a,0.08,0.08,n.a,0.16,n.a,n.a,n.a,0.08,0.08
INDI,ASSA,BLIQ,n.a,n.a,n.a,n.a,n.a,n.a,n.a,n.a,n.a,n.a,n.a
INDI,ASSA,WSFNR,n.a,n.a,n.a,n.a,n.a,n.a,n.a,n.a,n.a,n.a,n.a
INDI,ASSA,WSFR,n.a,n.a,n.a,n.a,n.a,n.a,n.a,n.a,n.a,n.a,n.a
INDI,ASSA,GAS,n.a,n.a,n.a,n.a,n.a,n.a,n.a,n.a,n.a,n.a,n.a
INDI,ASSA,HF,n.a,n.a,n.a,n.a,n.a,n.a,n.a,n.a,n.a,n.a,n.a
INDI,ASSA,H2,n.a,n.a,n.a,n.a,n.a,n.a,n.a,n.a,n.a,n.a,n.a
INDI,ASSA,MD,n.a,n.a,n.a,n.a,n.a,n.a,n.a,n.a,n.a,n.a,n.a
INDI,ASSA,GSL,n.a,n.a,n.a,n.a,n.a,n.a,n.a,n.a,n.a,n.a,n.a
INDI,ASSA,LPG,n.a,n.a,n.a,n.a,n.a,n.a,n.a,n.a,n.a,n.a,n.a
INDI,ASSA,SUM,0.9,0.15,0.9,0.9,0,1.2,0,0.2,0,0.9,1.7
INDI,BIHA,BC1,n.a,n.a,n.a,n.a,n.a,n.a,n.a,n.a,n.a,n.a,n.a
INDI,BIHA,BC2,0.3,n.a,0.3,0.3,n.a,0.3,n.a,n.a,n.a,0.3,0.3
INDI,BIHA,HC1,0.05,0.05,0.05,0.05,n.a,0.1,n.a,0.05,n.a,0.05,0.05
INDI,BIHA,HC2,0.05,0.05,0.05,0.05,n.a,0.1,n.a,0.05,n.a,0.05,0.05
INDI,BIHA,HC3,0.05,0.05,0.05,0.05,n.a,0.1,n.a,0.05,n.a,0.05,0.05
INDI,BIHA,DC,0.05,n.a,0.05,0.05,n.a,0.1,n.a,0.05,n.a,0.05,0.85
INDI,BIHA,OS1,0.02,n.a,0,0,n.a,0.04,n.a,n.a,n.a,0.02,0.02
INDI,BIHA,ARD,n.a,n.a,n.a,n.a,n.a,n.a,n.a,n.a,n.a,n.a,n.a
INDI,BIHA,BGS,n.a,n.a,n.a,n.a,n.a,n.a,n.a,n.a,n.a,n.a,n.a
INDI,BIHA,BIOG,n.a,n.a,n.a,n.a,n.a,n.a,n.a,n.a,n.a,n.a,n.a
INDI,BIHA,BMG,n.a,n.a,n.a,n.a,n.a,n.a,n.a,n.a,n.a,n.a,n.a
INDI,BIHA,CHCOA,n.a,n.a,n.a,n.a,n.a,n.a,n.a,n.a,n.a,n.a,n.a
INDI,BIHA,DNG,n.a,n.a,n.a,n.a,n.a,n.a,n.a,n.a,n.a,n.a,n.a
INDI,BIHA,FWD,n.a,n.a,n.a,n.a,n.a,n.a,n.a,n.a,n.a,n.a,n.a
INDI,BIHA,OS2,0.08,n.a,0.08,0.08,n.a,0.2,n.a,n.a,n.a,0.08,0.08
INDI,BIHA,BLIQ,n.a,n.a,n.a,n.a,n.a,n.a,n.a,n.a,n.a,n.a,n.a
INDI,BIHA,WSFNR,n.a,n.a,n.a,n.a,n.a,n.a,n.a,n.a,n.a,n.a,n.a
INDI,BIHA,WSFR,n.a,n.a,n.a,n.a,n.a,n.a,n.a,n.a,n.a,n.a,n.a
INDI,BIHA,GAS,n.a,n.a,n.a,n.a,n.a,n.a,n.a,n.a,n.a,n.a,n.a
INDI,BIHA,HF,n.a,n.a,n.a,n.a,n.a,n.a,n.a,n.a,n.a,n.a,n.a
INDI,BIHA,H2,n.a,n.a,n.a,n.a,n.a,n.a,n.a,n.a,n.a,n.a,n.a
INDI,BIHA,MD,n.a,n.a,n.a,n.a,n.a,n.a,n.a,n.a,n.a,n.a,n.a
INDI,BIHA,GSL,n.a,n.a,n.a,n.a,n.a,n.a,n.a,n.a,n.a,n.a,n.a
INDI,BIHA,LPG,n.a,n.a,n.a,n.a,n.a,n.a,n.a,n.a,n.a,n.a,n.a
INDI,BIHA,SUM,0.6,0.15,0.58,0.58,0,0.94,0,0.2,0,0.6,1.4
INDI,CHHA,BC1,0.3,n.a,0.3,0.3,n.a,0.3,n.a,n.a,n.a,0.3,0.3
INDI,CHHA,BC2,0.3,n.a,0.3,0.3,n.a,0.3,n.a,n.a,n.a,0.3,0.3
INDI,CHHA,HC1,0.05,0.05,0.05,0.05,n.a,0.1,n.a,0.05,n.a,0.05,0.05
INDI,CHHA,HC2,0.05,0.05,0.05,0.05,n.a,0.1,n.a,0.05,n.a,0.05,0.05
INDI,CHHA,HC3,0.05,0.05,0.05,0.05,n.a,0.1,n.a,0.05,n.a,0.05,0.05
INDI,CHHA,DC,0.05,n.a,0.05,0.05,n.a,0.1,n.a,0.05,n.a,0.05,0.85
INDI,CHHA,OS1,0.02,n.a,0,0,n.a,0.04,n.a,n.a,n.a,0.02,0.02
INDI,CHHA,ARD,n.a,n.a,n.a,n.a,n.a,n.a,n.a,n.a,n.a,n.a,n.a
INDI,CHHA,BGS,n.a,n.a,n.a,n.a,n.a,n.a,n.a,n.a,n.a,n.a,n.a
INDI,CHHA,BIOG,n.a,n.a,n.a,n.a,n.a,n.a,n.a,n.a,n.a,n.a,n.a
INDI,CHHA,BMG,n.a,n.a,n.a,n.a,n.a,n.a,n.a,n.a,n.a,n.a,n.a
INDI,CHHA,CHCOA,n.a,n.a,n.a,n.a,n.a,n.a,n.a,n.a,n.a,n.a,n.a
INDI,CHHA,DNG,n.a,n.a,n.a,n.a,n.a,n.a,n.a,n.a,n.a,n.a,n.a
INDI,CHHA,FWD,n.a,n.a,n.a,n.a,n.a,n.a,n.a,n.a,n.a,n.a,n.a
INDI,CHHA,OS2,0.08,n.a,0.08,0.08,n.a,0.16,n.a,n.a,n.a,0.08,0.08
INDI,CHHA,BLIQ,n.a,n.a,n.a,n.a,n.a,n.a,n.a,n.a,n.a,n.a,n.a
INDI,CHHA,WSFNR,n.a,n.a,n.a,n.a,n.a,n.a,n.a,n.a,n.a,n.a,n.a
INDI,CHHA,WSFR,n.a,n.a,n.a,n.a,n.a,n.a,n.a,n.a,n.a,n.a,n.a
INDI,CHHA,GAS,n.a,n.a,n.a,n.a,n.a,n.a,n.a,n.a,n.a,n.a,n.a
INDI,CHHA,HF,n.a,n.a,n.a,n.a,n.a,n.a,n.a,n.a,n.a,n.a,n.a
INDI,CHHA,H2,n.a,n.a,n.a,n.a,n.a,n.a,n.a,n.a,n.a,n.a,n.a
INDI,CHHA,MD,n.a,n.a,n.a,n.a,n.a,n.a,n.a,n.a,n.a,n.a,n.a
INDI,CHHA,GSL,n.a,n.a,n.a,n.a,n.a,n.a,n.a,n.a,n.a,n.a,n.a
INDI,CHHA,LPG,n.a,n.a,n.a,n.a,n.a,n.a,n.a,n.a,n.a,n.a,n.a
INDI,CHHA,SUM,0.9,0.15,0.88,0.88,0,1.2,0,0.2,0,0.9,1.7
INDI,DELH,BC1,0.3,n.a,0.3,0.3,n.a,0.3,n.a,n.a,n.a,0.3,0.3
INDI,DELH,BC2,0.3,n.a,0.3,0.3,n.a,0.3,n.a,n.a,n.a,0.3,0.3
INDI,DELH,HC1,0.05,0.05,0.05,0.05,n.a,0.1,n.a,0.05,n.a,0.05,0.05
INDI,DELH,HC2,0.05,0.05,0.05,0.05,n.a,0.1,n.a,0.05,n.a,0.05,0.05
INDI,DELH,HC3,0.05,0.05,0.05,0.05,n.a,0.1,n.a,0.05,n.a,0.05,0.05
INDI,DELH,DC,0.05,n.a,0.05,0.05,n.a,0.1,n.a,0.05,n.a,0.05,0.85
INDI,DELH,OS1,0.02,n.a,0.02,0.02,n.a,0.03,n.a,n.a,n.a,0.02,0.02
INDI,DELH,ARD,n.a,n.a,n.a,n.a,n.a,n.a,n.a,n.a,n.a,n.a,n.a
INDI,DELH,BGS,n.a,n.a,n.a,n.a,n.a,n.a,n.a,n.a,n.a,n.a,n.a
INDI,DELH,BIOG,n.a,n.a,n.a,n.a,n.a,n.a,n.a,n.a,n.a,n.a,n.a
INDI,DELH,BMG,n.a,n.a,n.a,n.a,n.a,n.a,n.a,n.a,n.a,n.a,n.a
INDI,DELH,CHCOA,n.a,n.a,n.a,n.a,n.a,n.a,n.a,n.a,n.a,n.a,n.a
INDI,DELH,DNG,n.a,n.a,n.a,n.a,n.a,n.a,n.a,n.a,n.a,n.a,n.a
INDI,DELH,FWD,n.a,n.a,n.a,n.a,n.a,n.a,n.a,n.a,n.a,n.a,n.a
INDI,DELH,OS2,0.08,n.a,0.08,0.08,n.a,0.22,n.a,n.a,n.a,0.08,0.08
INDI,DELH,BLIQ,n.a,n.a,n.a,n.a,n.a,n.a,n.a,n.a,n.a,n.a,n.a
INDI,DELH,WSFNR,n.a,n.a,n.a,n.a,n.a,n.a,n.a,n.a,n.a,n.a,n.a
INDI,DELH,WSFR,n.a,n.a,n.a,n.a,n.a,n.a,n.a,n.a,n.a,n.a,n.a
INDI,DELH,GAS,n.a,n.a,n.a,n.a,n.a,n.a,n.a,n.a,n.a,n.a,n.a
INDI,DELH,HF,n.a,n.a,n.a,n.a,n.a,n.a,n.a,n.a,n.a,n.a,n.a
INDI,DELH,H2,n.a,n.a,n.a,n.a,n.a,n.a,n.a,n.a,n.a,n.a,n.a
INDI,DELH,MD,n.a,n.a,n.a,n.a,n.a,n.a,n.a,n.a,n.a,n.a,n.a
INDI,DELH,GSL,n.a,n.a,n.a,n.a,n.a,n.a,n.a,n.a,n.a,n.a,n.a
INDI,DELH,LPG,n.a,n.a,n.a,n.a,n.a,n.a,n.a,n.a,n.a,n.a,n.a
INDI,DELH,SUM,0.9,0.15,0.9,0.9,0,1.25,0,0.2,0,0.9,1.7
INDI,GOA,BC1,0.3,n.a,0.3,0.3,n.a,0.3,n.a,n.a,n.a,0.3,0.3
INDI,GOA,BC2,0.3,n.a,0.3,0.3,n.a,0.3,n.a,n.a,n.a,0.3,0.3
INDI,GOA,HC1,0.05,0.05,0.05,0.05,n.a,0.1,n.a,0.05,n.a,0.05,0.05
INDI,GOA,HC2,0.05,0.05,0.05,0.05,n.a,0.1,n.a,0.05,n.a,0.05,0.05
INDI,GOA,HC3,0.05,0.05,0.05,0.05,n.a,0.1,n.a,0.05,n.a,0.05,0.05
INDI,GOA,DC,0.05,n.a,0.05,0.05,n.a,0.1,n.a,0.05,n.a,0.05,0.85
INDI,GOA,OS1,0.02,n.a,0,0,n.a,0.03,n.a,n.a,n.a,0.02,0.02
INDI,GOA,ARD,n.a,n.a,n.a,n.a,n.a,n.a,n.a,n.a,n.a,n.a,n.a
INDI,GOA,BGS,n.a,n.a,n.a,n.a,n.a,n.a,n.a,n.a,n.a,n.a,n.a
INDI,GOA,BIOG,n.a,n.a,n.a,n.a,n.a,n.a,n.a,n.a,n.a,n.a,n.a
INDI,GOA,BMG,n.a,n.a,n.a,n.a,n.a,n.a,n.a,n.a,n.a,n.a,n.a
INDI,GOA,CHCOA,n.a,n.a,n.a,n.a,n.a,n.a,n.a,n.a,n.a,n.a,n.a
INDI,GOA,DNG,n.a,n.a,n.a,n.a,n.a,n.a,n.a,n.a,n.a,n.a,n.a
INDI,GOA,FWD,n.a,n.a,n.a,n.a,n.a,n.a,n.a,n.a,n.a,n.a,n.a
INDI,GOA,OS2,0.08,n.a,0.08,0.08,n.a,0.09,n.a,n.a,n.a,0.08,0.08
INDI,GOA,BLIQ,n.a,n.a,n.a,n.a,n.a,n.a,n.a,n.a,n.a,n.a,n.a
INDI,GOA,WSFNR,n.a,n.a,n.a,n.a,n.a,n.a,n.a,n.a,n.a,n.a,n.a
INDI,GOA,WSFR,n.a,n.a,n.a,n.a,n.a,n.a,n.a,n.a,n.a,n.a,n.a
INDI,GOA,GAS,n.a,n.a,n.a,n.a,n.a,n.a,n.a,n.a,n.a,n.a,n.a
INDI,GOA,HF,n.a,n.a,n.a,n.a,n.a,n.a,n.a,n.a,n.a,n.a,n.a
INDI,GOA,H2,n.a,n.a,n.a,n.a,n.a,n.a,n.a,n.a,n.a,n.a,n.a
INDI,GOA,MD,n.a,n.a,n.a,n.a,n.a,n.a,n.a,n.a,n.a,n.a,n.a
INDI,GOA,GSL,n.a,n.a,n.a,n.a,n.a,n.a,n.a,n.a,n.a,n.a,n.a
INDI,GOA,LPG,n.a,n.a,n.a,n.a,n.a,n.a,n.a,n.a,n.a,n.a,n.a
INDI,GOA,SUM,0.9,0.15,0.88,0.88,0,1.12,0,0.2,0,0.9,1.7
INDI,GUJA,BC1,0.3,n.a,0.3,0.3,n.a,0.3,n.a,n.a,n.a,0.3,0.3
INDI,GUJA,BC2,0.3,n.a,0.3,0.3,n.a,0.3,n.a,n.a,n.a,0.3,0.3
INDI,GUJA,HC1,0.05,0.05,0.05,0.05,n.a,0.1,n.a,0.05,n.a,0.05,0.05
INDI,GUJA,HC2,0.05,0.05,0.05,0.05,n.a,0.1,n.a,0.05,n.a,0.05,0.05
INDI,GUJA,HC3,0.05,0.05,0.05,0.05,n.a,0.1,n.a,0.05,n.a,0.05,0.05
INDI,GUJA,DC,0.05,n.a,0.05,0.05,n.a,0.1,n.a,0.05,n.a,0.05,0.85
INDI,GUJA,OS1,0.02,n.a,0,0,n.a,0.03,n.a,n.a,n.a,0.02,0.02
INDI,GUJA,ARD,n.a,n.a,n.a,n.a,n.a,n.a,n.a,n.a,n.a,n.a,n.a
INDI,GUJA,BGS,n.a,n.a,n.a,n.a,n.a,n.a,n.a,n.a,n.a,n.a,n.a
INDI,GUJA,BIOG,n.a,n.a,n.a,n.a,n.a,n.a,n.a,n.a,n.a,n.a,n.a
INDI,GUJA,BMG,n.a,n.a,n.a,n.a,n.a,n.a,n.a,n.a,n.a,n.a,n.a
INDI,GUJA,CHCOA,n.a,n.a,n.a,n.a,n.a,n.a,n.a,n.a,n.a,n.a,n.a
INDI,GUJA,DNG,n.a,n.a,n.a,n.a,n.a,n.a,n.a,n.a,n.a,n.a,n.a
INDI,GUJA,FWD,n.a,n.a,n.a,n.a,n.a,n.a,n.a,n.a,n.a,n.a,n.a
INDI,GUJA,OS2,0.08,n.a,0.08,0.08,n.a,0.11,n.a,n.a,n.a,0.08,0.08
INDI,GUJA,BLIQ,n.a,n.a,n.a,n.a,n.a,n.a,n.a,n.a,n.a,n.a,n.a
INDI,GUJA,WSFNR,n.a,n.a,n.a,n.a,n.a,n.a,n.a,n.a,n.a,n.a,n.a
INDI,GUJA,WSFR,n.a,n.a,n.a,n.a,n.a,n.a,n.a,n.a,n.a,n.a,n.a
INDI,GUJA,GAS,n.a,n.a,n.a,n.a,n.a,n.a,n.a,n.a,n.a,n.a,n.a
INDI,GUJA,HF,n.a,n.a,n.a,n.a,n.a,n.a,n.a,n.a,n.a,n.a,n.a
INDI,GUJA,H2,n.a,n.a,n.a,n.a,n.a,n.a,n.a,n.a,n.a,n.a,n.a
INDI,GUJA,MD,n.a,n.a,n.a,n.a,n.a,n.a,n.a,n.a,n.a,n.a,n.a
INDI,GUJA,GSL,n.a,n.a,n.a,n.a,n.a,n.a,n.a,n.a,n.a,n.a,n.a
INDI,GUJA,LPG,n.a,n.a,n.a,n.a,n.a,n.a,n.a,n.a,n.a,n.a,n.a
INDI,GUJA,SUM,0.9,0.15,0.88,0.88,0,1.14,0,0.2,0,0.9,1.7
INDI,HARY,BC1,0.3,n.a,0.3,0.3,n.a,0.3,n.a,n.a,n.a,0.3,0.3
INDI,HARY,BC2,0.3,n.a,0.3,0.3,n.a,0.3,n.a,n.a,n.a,0.3,0.3
INDI,HARY,HC1,0.05,0.05,0.05,0.05,n.a,0.1,n.a,0.05,n.a,0.05,0.05
INDI,HARY,HC2,0.05,0.05,0.05,0.05,n.a,0.1,n.a,0.05,n.a,0.05,0.05
INDI,HARY,HC3,0.05,0.05,0.05,0.05,n.a,0.1,n.a,0.05,n.a,0.05,0.05
INDI,HARY,DC,0.05,n.a,0.05,0.05,n.a,0.1,n.a,0.05,n.a,0.05,0.85
INDI,HARY,OS1,0.02,n.a,0,0,n.a,0.03,n.a,n.a,n.a,0.02,0.02
INDI,HARY,ARD,n.a,n.a,n.a,n.a,n.a,n.a,n.a,n.a,n.a,n.a,n.a
INDI,HARY,BGS,n.a,n.a,n.a,n.a,n.a,n.a,n.a,n.a,n.a,n.a,n.a
INDI,HARY,BIOG,n.a,n.a,n.a,n.a,n.a,n.a,n.a,n.a,n.a,n.a,n.a
INDI,HARY,BMG,n.a,n.a,n.a,n.a,n.a,n.a,n.a,n.a,n.a,n.a,n.a
INDI,HARY,CHCOA,n.a,n.a,n.a,n.a,n.a,n.a,n.a,n.a,n.a,n.a,n.a
INDI,HARY,DNG,n.a,n.a,n.a,n.a,n.a,n.a,n.a,n.a,n.a,n.a,n.a
INDI,HARY,FWD,n.a,n.a,n.a,n.a,n.a,n.a,n.a,n.a,n.a,n.a,n.a
INDI,HARY,OS2,0.08,n.a,0.08,0.08,n.a,0.2,n.a,n.a,n.a,0.08,0.08
INDI,HARY,BLIQ,n.a,n.a,n.a,n.a,n.a,n.a,n.a,n.a,n.a,n.a,n.a
INDI,HARY,WSFNR,n.a,n.a,n.a,n.a,n.a,n.a,n.a,n.a,n.a,n.a,n.a
INDI,HARY,WSFR,n.a,n.a,n.a,n.a,n.a,n.a,n.a,n.a,n.a,n.a,n.a
INDI,HARY,GAS,n.a,n.a,n.a,n.a,n.a,n.a,n.a,n.a,n.a,n.a,n.a
INDI,HARY,HF,n.a,n.a,n.a,n.a,n.a,n.a,n.a,n.a,n.a,n.a,n.a
INDI,HARY,H2,n.a,n.a,n.a,n.a,n.a,n.a,n.a,n.a,n.a,n.a,n.a
INDI,HARY,MD,n.a,n.a,n.a,n.a,n.a,n.a,n.a,n.a,n.a,n.a,n.a
INDI,HARY,GSL,n.a,n.a,n.a,n.a,n.a,n.a,n.a,n.a,n.a,n.a,n.a
INDI,HARY,LPG,n.a,n.a,n.a,n.a,n.a,n.a,n.a,n.a,n.a,n.a,n.a
INDI,HARY,SUM,0.9,0.15,0.88,0.88,0,1.23,0,0.2,0,0.9,1.7
INDI,HIPR,BC1,0.3,n.a,0.3,0.3,n.a,0.3,n.a,n.a,n.a,0.3,0.3
INDI,HIPR,BC2,0.3,n.a,0.3,0.3,n.a,0.3,n.a,n.a,n.a,0.3,0.3
INDI,HIPR,HC1,0.05,0.05,0.05,0.05,n.a,0.1,n.a,0.05,n.a,0.05,0.05
INDI,HIPR,HC2,0.05,0.05,0.05,0.05,n.a,0.1,n.a,0.05,n.a,0.05,0.05
INDI,HIPR,HC3,0.05,0.05,0.05,0.05,n.a,0.1,n.a,0.05,n.a,0.05,0.05
INDI,HIPR,DC,0.05,n.a,0.05,0.05,n.a,0.1,n.a,0.05,n.a,0.05,0.85
INDI,HIPR,OS1,0.02,n.a,0.02,0.02,n.a,0.04,n.a,n.a,n.a,0.02,0.02
INDI,HIPR,ARD,n.a,n.a,n.a,n.a,n.a,n.a,n.a,n.a,n.a,n.a,n.a
INDI,HIPR,BGS,n.a,n.a,n.a,n.a,n.a,n.a,n.a,n.a,n.a,n.a,n.a
INDI,HIPR,BIOG,n.a,n.a,n.a,n.a,n.a,n.a,n.a,n.a,n.a,n.a,n.a
INDI,HIPR,BMG,n.a,n.a,n.a,n.a,n.a,n.a,n.a,n.a,n.a,n.a,n.a
INDI,HIPR,CHCOA,n.a,n.a,n.a,n.a,n.a,n.a,n.a,n.a,n.a,n.a,n.a
INDI,HIPR,DNG,n.a,n.a,n.a,n.a,n.a,n.a,n.a,n.a,n.a,n.a,n.a
INDI,HIPR,FWD,n.a,n.a,n.a,n.a,n.a,n.a,n.a,n.a,n.a,n.a,n.a
INDI,HIPR,OS2,0.08,n.a,0.08,0.08,n.a,0.1,n.a,n.a,n.a,0.08,0.08
INDI,HIPR,BLIQ,n.a,n.a,n.a,n.a,n.a,n.a,n.a,n.a,n.a,n.a,n.a
INDI,HIPR,WSFNR,n.a,n.a,n.a,n.a,n.a,n.a,n.a,n.a,n.a,n.a,n.a
INDI,HIPR,WSFR,n.a,n.a,n.a,n.a,n.a,n.a,n.a,n.a,n.a,n.a,n.a
INDI,HIPR,GAS,n.a,n.a,n.a,n.a,n.a,n.a,n.a,n.a,n.a,n.a,n.a
INDI,HIPR,HF,n.a,n.a,n.a,n.a,n.a,n.a,n.a,n.a,n.a,n.a,n.a
INDI,HIPR,H2,n.a,n.a,n.a,n.a,n.a,n.a,n.a,n.a,n.a,n.a,n.a
INDI,HIPR,MD,n.a,n.a,n.a,n.a,n.a,n.a,n.a,n.a,n.a,n.a,n.a
INDI,HIPR,GSL,n.a,n.a,n.a,n.a,n.a,n.a,n.a,n.a,n.a,n.a,n.a
INDI,HIPR,LPG,n.a,n.a,n.a,n.a,n.a,n.a,n.a,n.a,n.a,n.a,n.a
INDI,HIPR,SUM,0.9,0.15,0.9,0.9,0,1.14,0,0.2,0,0.9,1.7
INDI,WHIM,BC1,0.3,n.a,0.3,0.3,n.a,0.3,n.a,n.a,n.a,0.3,0.3
INDI,WHIM,BC2,0.3,n.a,0.3,0.3,n.a,0.3,n.a,n.a,n.a,0.3,0.3
INDI,WHIM,HC1,0.05,0.05,0.05,0.05,n.a,0.1,n.a,0.05,n.a,0.05,0.05
INDI,WHIM,HC2,0.05,0.05,0.05,0.05,n.a,0.1,n.a,0.05,n.a,0.05,0.05
INDI,WHIM,HC3,0.05,0.05,0.05,0.05,n.a,0.1,n.a,0.05,n.a,0.05,0.05
INDI,WHIM,DC,0.05,n.a,0.05,0.05,n.a,0.1,n.a,0.05,n.a,0.05,0.85
INDI,WHIM,OS1,0.02,n.a,0.02,0.02,n.a,0.04,n.a,n.a,n.a,0.02,0.02
INDI,WHIM,ARD,n.a,n.a,n.a,n.a,n.a,n.a,n.a,n.a,n.a,n.a,n.a
INDI,WHIM,BGS,n.a,n.a,n.a,n.a,n.a,n.a,n.a,n.a,n.a,n.a,n.a
INDI,WHIM,BIOG,n.a,n.a,n.a,n.a,n.a,n.a,n.a,n.a,n.a,n.a,n.a
INDI,WHIM,BMG,n.a,n.a,n.a,n.a,n.a,n.a,n.a,n.a,n.a,n.a,n.a
INDI,WHIM,CHCOA,n.a,n.a,n.a,n.a,n.a,n.a,n.a,n.a,n.a,n.a,n.a
INDI,WHIM,DNG,n.a,n.a,n.a,n.a,n.a,n.a,n.a,n.a,n.a,n.a,n.a
INDI,WHIM,FWD,n.a,n.a,n.a,n.a,n.a,n.a,n.a,n.a,n.a,n.a,n.a
INDI,WHIM,OS2,0.08,n.a,0.08,0.08,n.a,0.1,n.a,n.a,n.a,0.08,0.08
INDI,WHIM,BLIQ,n.a,n.a,n.a,n.a,n.a,n.a,n.a,n.a,n.a,n.a,n.a
INDI,WHIM,WSFNR,n.a,n.a,n.a,n.a,n.a,n.a,n.a,n.a,n.a,n.a,n.a
INDI,WHIM,WSFR,n.a,n.a,n.a,n.a,n.a,n.a,n.a,n.a,n.a,n.a,n.a
INDI,WHIM,GAS,n.a,n.a,n.a,n.a,n.a,n.a,n.a,n.a,n.a,n.a,n.a
INDI,WHIM,HF,n.a,n.a,n.a,n.a,n.a,n.a,n.a,n.a,n.a,n.a,n.a
INDI,WHIM,H2,n.a,n.a,n.a,n.a,n.a,n.a,n.a,n.a,n.a,n.a,n.a
INDI,WHIM,MD,n.a,n.a,n.a,n.a,n.a,n.a,n.a,n.a,n.a,n.a,n.a
INDI,WHIM,GSL,n.a,n.a,n.a,n.a,n.a,n.a,n.a,n.a,n.a,n.a,n.a
INDI,WHIM,LPG,n.a,n.a,n.a,n.a,n.a,n.a,n.a,n.a,n.a,n.a,n.a
INDI,WHIM,SUM,0.9,0.15,0.9,0.9,0,1.14,0,0.2,0,0.9,1.7
INDI,JHAR,BC1,n.a,n.a,n.a,n.a,n.a,n.a,n.a,n.a,n.a,n.a,n.a
INDI,JHAR,BC2,0.3,n.a,0.3,0.3,n.a,0.3,n.a,n.a,n.a,0.3,0.3
INDI,JHAR,HC1,0.05,0.05,0.05,0.05,n.a,0.1,n.a,0.05,n.a,0.05,0.05
INDI,JHAR,HC2,0.05,0.05,0.05,0.05,n.a,0.1,n.a,0.05,n.a,0.05,0.05
INDI,JHAR,HC3,0.05,0.05,0.05,0.05,n.a,0.1,n.a,0.05,n.a,0.05,0.05
INDI,JHAR,DC,0.05,n.a,0.05,0.05,n.a,0.1,n.a,0.05,n.a,0.05,0.85
INDI,JHAR,OS1,0.02,n.a,0,0,n.a,0.04,n.a,n.a,n.a,0.02,0.02
INDI,JHAR,ARD,n.a,n.a,n.a,n.a,n.a,n.a,n.a,n.a,n.a,n.a,n.a
INDI,JHAR,BGS,n.a,n.a,n.a,n.a,n.a,n.a,n.a,n.a,n.a,n.a,n.a
INDI,JHAR,BIOG,n.a,n.a,n.a,n.a,n.a,n.a,n.a,n.a,n.a,n.a,n.a
INDI,JHAR,BMG,n.a,n.a,n.a,n.a,n.a,n.a,n.a,n.a,n.a,n.a,n.a
INDI,JHAR,CHCOA,n.a,n.a,n.a,n.a,n.a,n.a,n.a,n.a,n.a,n.a,n.a
INDI,JHAR,DNG,n.a,n.a,n.a,n.a,n.a,n.a,n.a,n.a,n.a,n.a,n.a
INDI,JHAR,FWD,n.a,n.a,n.a,n.a,n.a,n.a,n.a,n.a,n.a,n.a,n.a
INDI,JHAR,OS2,0.08,n.a,0.08,0.08,n.a,0.2,n.a,n.a,n.a,0.08,0.08
INDI,JHAR,BLIQ,n.a,n.a,n.a,n.a,n.a,n.a,n.a,n.a,n.a,n.a,n.a
INDI,JHAR,WSFNR,n.a,n.a,n.a,n.a,n.a,n.a,n.a,n.a,n.a,n.a,n.a
INDI,JHAR,WSFR,n.a,n.a,n.a,n.a,n.a,n.a,n.a,n.a,n.a,n.a,n.a
INDI,JHAR,GAS,n.a,n.a,n.a,n.a,n.a,n.a,n.a,n.a,n.a,n.a,n.a
INDI,JHAR,HF,n.a,n.a,n.a,n.a,n.a,n.a,n.a,n.a,n.a,n.a,n.a
INDI,JHAR,H2,n.a,n.a,n.a,n.a,n.a,n.a,n.a,n.a,n.a,n.a,n.a
INDI,JHAR,MD,n.a,n.a,n.a,n.a,n.a,n.a,n.a,n.a,n.a,n.a,n.a
INDI,JHAR,GSL,n.a,n.a,n.a,n.a,n.a,n.a,n.a,n.a,n.a,n.a,n.a
INDI,JHAR,LPG,n.a,n.a,n.a,n.a,n.a,n.a,n.a,n.a,n.a,n.a,n.a
INDI,JHAR,SUM,0.6,0.15,0.58,0.58,0,0.94,0,0.2,0,0.6,1.4
INDI,KARN,BC1,0.3,n.a,0.3,0.3,n.a,0.3,n.a,n.a,n.a,0.3,0.3
INDI,KARN,BC2,0.3,n.a,0.3,0.3,n.a,0.3,n.a,n.a,n.a,0.3,0.3
INDI,KARN,HC1,0.05,0.05,0.05,0.05,n.a,0.1,n.a,0.05,n.a,0.05,0.05
INDI,KARN,HC2,0.05,0.05,0.05,0.05,n.a,0.1,n.a,0.05,n.a,0.05,0.05
INDI,KARN,HC3,0.05,0.05,0.05,0.05,n.a,0.1,n.a,0.05,n.a,0.05,0.05
INDI,KARN,DC,0.05,n.a,0.05,0.05,n.a,0.1,n.a,0.05,n.a,0.05,0.85
INDI,KARN,OS1,0.02,n.a,0,0,n.a,0.03,n.a,n.a,n.a,0.02,0.02
INDI,KARN,ARD,n.a,n.a,n.a,n.a,n.a,n.a,n.a,n.a,n.a,n.a,n.a
INDI,KARN,BGS,n.a,n.a,n.a,n.a,n.a,n.a,n.a,n.a,n.a,n.a,n.a
INDI,KARN,BIOG,n.a,n.a,n.a,n.a,n.a,n.a,n.a,n.a,n.a,n.a,n.a
INDI,KARN,BMG,n.a,n.a,n.a,n.a,n.a,n.a,n.a,n.a,n.a,n.a,n.a
INDI,KARN,CHCOA,n.a,n.a,n.a,n.a,n.a,n.a,n.a,n.a,n.a,n.a,n.a
INDI,KARN,DNG,n.a,n.a,n.a,n.a,n.a,n.a,n.a,n.a,n.a,n.a,n.a
INDI,KARN,FWD,n.a,n.a,n.a,n.a,n.a,n.a,n.a,n.a,n.a,n.a,n.a
INDI,KARN,OS2,0.08,n.a,0.08,0.08,n.a,0.09,n.a,n.a,n.a,0.08,0.08
INDI,KARN,BLIQ,n.a,n.a,n.a,n.a,n.a,n.a,n.a,n.a,n.a,n.a,n.a
INDI,KARN,WSFNR,n.a,n.a,n.a,n.a,n.a,n.a,n.a,n.a,n.a,n.a,n.a
INDI,KARN,WSFR,n.a,n.a,n.a,n.a,n.a,n.a,n.a,n.a,n.a,n.a,n.a
INDI,KARN,GAS,n.a,n.a,n.a,n.a,n.a,n.a,n.a,n.a,n.a,n.a,n.a
INDI,KARN,HF,n.a,n.a,n.a,n.a,n.a,n.a,n.a,n.a,n.a,n.a,n.a
INDI,KARN,H2,n.a,n.a,n.a,n.a,n.a,n.a,n.a,n.a,n.a,n.a,n.a
INDI,KARN,MD,n.a,n.a,n.a,n.a,n.a,n.a,n.a,n.a,n.a,n.a,n.a
INDI,KARN,GSL,n.a,n.a,n.a,n.a,n.a,n.a,n.a,n.a,n.a,n.a,n.a
INDI,KARN,LPG,n.a,n.a,n.a,n.a,n.a,n.a,n.a,n.a,n.a,n.a,n.a
INDI,KARN,SUM,0.9,0.15,0.88,0.88,0,1.12,0,0.2,0,0.9,1.7
INDI,KERA,BC1,0.3,n.a,0.3,0.3,n.a,0.3,n.a,n.a,n.a,0.3,0.3
INDI,KERA,BC2,0.3,n.a,0.3,0.3,n.a,0.3,n.a,n.a,n.a,0.3,0.3
INDI,KERA,HC1,0.05,0.05,0.05,0.05,n.a,0.1,n.a,0.05,n.a,0.05,0.05
INDI,KERA,HC2,0.05,0.05,0.05,0.05,n.a,0.1,n.a,0.05,n.a,0.05,0.05
INDI,KERA,HC3,0.05,0.05,0.05,0.05,n.a,0.1,n.a,0.05,n.a,0.05,0.05
INDI,KERA,DC,0.05,n.a,0.05,0.05,n.a,0.1,n.a,0.05,n.a,0.05,0.85
INDI,KERA,OS1,0.02,n.a,0.02,0.02,n.a,0.04,n.a,n.a,n.a,0.02,0.02
INDI,KERA,ARD,n.a,n.a,n.a,n.a,n.a,n.a,n.a,n.a,n.a,n.a,n.a
INDI,KERA,BGS,n.a,n.a,n.a,n.a,n.a,n.a,n.a,n.a,n.a,n.a,n.a
INDI,KERA,BIOG,n.a,n.a,n.a,n.a,n.a,n.a,n.a,n.a,n.a,n.a,n.a
INDI,KERA,BMG,n.a,n.a,n.a,n.a,n.a,n.a,n.a,n.a,n.a,n.a,n.a
INDI,KERA,CHCOA,n.a,n.a,n.a,n.a,n.a,n.a,n.a,n.a,n.a,n.a,n.a
INDI,KERA,DNG,n.a,n.a,n.a,n.a,n.a,n.a,n.a,n.a,n.a,n.a,n.a
INDI,KERA,FWD,n.a,n.a,n.a,n.a,n.a,n.a,n.a,n.a,n.a,n.a,n.a
INDI,KERA,OS2,0.08,n.a,0.08,0.08,n.a,0.18,n.a,n.a,n.a,0.08,0.08
INDI,KERA,BLIQ,n.a,n.a,n.a,n.a,n.a,n.a,n.a,n.a,n.a,n.a,n.a
INDI,KERA,WSFNR,n.a,n.a,n.a,n.a,n.a,n.a,n.a,n.a,n.a,n.a,n.a
INDI,KERA,WSFR,n.a,n.a,n.a,n.a,n.a,n.a,n.a,n.a,n.a,n.a,n.a
INDI,KERA,GAS,n.a,n.a,n.a,n.a,n.a,n.a,n.a,n.a,n.a,n.a,n.a
INDI,KERA,HF,n.a,n.a,n.a,n.a,n.a,n.a,n.a,n.a,n.a,n.a,n.a
INDI,KERA,H2,n.a,n.a,n.a,n.a,n.a,n.a,n.a,n.a,n.a,n.a,n.a
INDI,KERA,MD,n.a,n.a,n.a,n.a,n.a,n.a,n.a,n.a,n.a,n.a,n.a
INDI,KERA,GSL,n.a,n.a,n.a,n.a,n.a,n.a,n.a,n.a,n.a,n.a,n.a
INDI,KERA,LPG,n.a,n.a,n.a,n.a,n.a,n.a,n.a,n.a,n.a,n.a,n.a
INDI,KERA,SUM,0.9,0.15,0.9,0.9,0,1.22,0,0.2,0,0.9,1.7
INDI,MAPR,BC1,0.3,n.a,0.3,0.3,n.a,0.3,n.a,n.a,n.a,0.3,0.3
INDI,MAPR,BC2,0.3,n.a,0.3,0.3,n.a,0.3,n.a,n.a,n.a,0.3,0.3
INDI,MAPR,HC1,0.05,0.05,0.05,0.05,n.a,0.1,n.a,0.05,n.a,0.05,0.05
INDI,MAPR,HC2,0.05,0.05,0.05,0.05,n.a,0.1,n.a,0.05,n.a,0.05,0.05
INDI,MAPR,HC3,0.05,0.05,0.05,0.05,n.a,0.1,n.a,0.05,n.a,0.05,0.05
INDI,MAPR,DC,0.05,n.a,0.05,0.05,n.a,0.1,n.a,0.05,n.a,0.05,0.85
INDI,MAPR,OS1,0.02,n.a,0,0,n.a,0.04,n.a,n.a,n.a,0.02,0.02
INDI,MAPR,ARD,n.a,n.a,n.a,n.a,n.a,n.a,n.a,n.a,n.a,n.a,n.a
INDI,MAPR,BGS,n.a,n.a,n.a,n.a,n.a,n.a,n.a,n.a,n.a,n.a,n.a
INDI,MAPR,BIOG,n.a,n.a,n.a,n.a,n.a,n.a,n.a,n.a,n.a,n.a,n.a
INDI,MAPR,BMG,n.a,n.a,n.a,n.a,n.a,n.a,n.a,n.a,n.a,n.a,n.a
INDI,MAPR,CHCOA,n.a,n.a,n.a,n.a,n.a,n.a,n.a,n.a,n.a,n.a,n.a
INDI,MAPR,DNG,n.a,n.a,n.a,n.a,n.a,n.a,n.a,n.a,n.a,n.a,n.a
INDI,MAPR,FWD,n.a,n.a,n.a,n.a,n.a,n.a,n.a,n.a,n.a,n.a,n.a
INDI,MAPR,OS2,0.08,n.a,0.08,0.08,n.a,0.16,n.a,n.a,n.a,0.08,0.08
INDI,MAPR,BLIQ,n.a,n.a,n.a,n.a,n.a,n.a,n.a,n.a,n.a,n.a,n.a
INDI,MAPR,WSFNR,n.a,n.a,n.a,n.a,n.a,n.a,n.a,n.a,n.a,n.a,n.a
INDI,MAPR,WSFR,n.a,n.a,n.a,n.a,n.a,n.a,n.a,n.a,n.a,n.a,n.a
INDI,MAPR,GAS,n.a,n.a,n.a,n.a,n.a,n.a,n.a,n.a,n.a,n.a,n.a
INDI,MAPR,HF,n.a,n.a,n.a,n.a,n.a,n.a,n.a,n.a,n.a,n.a,n.a
INDI,MAPR,H2,n.a,n.a,n.a,n.a,n.a,n.a,n.a,n.a,n.a,n.a,n.a
INDI,MAPR,MD,n.a,n.a,n.a,n.a,n.a,n.a,n.a,n.a,n.a,n.a,n.a
INDI,MAPR,GSL,n.a,n.a,n.a,n.a,n.a,n.a,n.a,n.a,n.a,n.a,n.a
INDI,MAPR,LPG,n.a,n.a,n.a,n.a,n.a,n.a,n.a,n.a,n.a,n.a,n.a
INDI,MAPR,SUM,0.9,0.15,0.88,0.88,0,1.2,0,0.2,0,0.9,1.7
INDI,MAHA,BC1,0.3,n.a,0.3,0.3,n.a,0.3,n.a,n.a,n.a,0.3,0.3
INDI,MAHA,BC2,0.3,n.a,0.3,0.3,n.a,0.3,n.a,n.a,n.a,0.3,0.3
INDI,MAHA,HC1,0.05,0.05,0.05,0.05,n.a,0.1,n.a,0.05,n.a,0.05,0.05
INDI,MAHA,HC2,0.05,0.05,0.05,0.05,n.a,0.1,n.a,0.05,n.a,0.05,0.05
INDI,MAHA,HC3,0.05,0.05,0.05,0.05,n.a,0.1,n.a,0.05,n.a,0.05,0.05
INDI,MAHA,DC,0.05,n.a,0.05,0.05,n.a,0.1,n.a,0.05,n.a,0.05,0.85
INDI,MAHA,OS1,0.02,n.a,0,0,n.a,0.03,n.a,n.a,n.a,0.02,0.02
INDI,MAHA,ARD,n.a,n.a,n.a,n.a,n.a,n.a,n.a,n.a,n.a,n.a,n.a
INDI,MAHA,BGS,n.a,n.a,n.a,n.a,n.a,n.a,n.a,n.a,n.a,n.a,n.a
INDI,MAHA,BIOG,n.a,n.a,n.a,n.a,n.a,n.a,n.a,n.a,n.a,n.a,n.a
INDI,MAHA,BMG,n.a,n.a,n.a,n.a,n.a,n.a,n.a,n.a,n.a,n.a,n.a
INDI,MAHA,CHCOA,n.a,n.a,n.a,n.a,n.a,n.a,n.a,n.a,n.a,n.a,n.a
INDI,MAHA,DNG,n.a,n.a,n.a,n.a,n.a,n.a,n.a,n.a,n.a,n.a,n.a
INDI,MAHA,FWD,n.a,n.a,n.a,n.a,n.a,n.a,n.a,n.a,n.a,n.a,n.a
INDI,MAHA,OS2,0.08,n.a,0.08,0.08,n.a,0.13,n.a,n.a,n.a,0.08,0.08
INDI,MAHA,BLIQ,n.a,n.a,n.a,n.a,n.a,n.a,n.a,n.a,n.a,n.a,n.a
INDI,MAHA,WSFNR,n.a,n.a,n.a,n.a,n.a,n.a,n.a,n.a,n.a,n.a,n.a
INDI,MAHA,WSFR,n.a,n.a,n.a,n.a,n.a,n.a,n.a,n.a,n.a,n.a,n.a
INDI,MAHA,GAS,n.a,n.a,n.a,n.a,n.a,n.a,n.a,n.a,n.a,n.a,n.a
INDI,MAHA,HF,n.a,n.a,n.a,n.a,n.a,n.a,n.a,n.a,n.a,n.a,n.a
INDI,MAHA,H2,n.a,n.a,n.a,n.a,n.a,n.a,n.a,n.a,n.a,n.a,n.a
INDI,MAHA,MD,n.a,n.a,n.a,n.a,n.a,n.a,n.a,n.a,n.a,n.a,n.a
INDI,MAHA,GSL,n.a,n.a,n.a,n.a,n.a,n.a,n.a,n.a,n.a,n.a,n.a
INDI,MAHA,LPG,n.a,n.a,n.a,n.a,n.a,n.a,n.a,n.a,n.a,n.a,n.a
INDI,MAHA,SUM,0.9,0.15,0.88,0.88,0,1.16,0,0.2,0,0.9,1.7
INDI,EHIM,BC1,0.3,n.a,0.3,0.3,n.a,0.3,n.a,n.a,n.a,0.3,0.3
INDI,EHIM,BC2,0.3,n.a,0.3,0.3,n.a,0.3,n.a,n.a,n.a,0.3,0.3
INDI,EHIM,HC1,0.05,0.05,0.05,0.05,n.a,0.1,n.a,0.05,n.a,0.05,0.05
INDI,EHIM,HC2,0.05,0.05,0.05,0.05,n.a,0.1,n.a,0.05,n.a,0.05,0.05
INDI,EHIM,HC3,0.05,0.05,0.05,0.05,n.a,0.1,n.a,0.05,n.a,0.05,0.05
INDI,EHIM,DC,0.05,n.a,0.05,0.05,n.a,0.1,n.a,0.05,n.a,0.05,0.85
INDI,EHIM,OS1,0.02,n.a,0.02,0.02,n.a,0.04,n.a,n.a,n.a,0.02,0.02
INDI,EHIM,ARD,n.a,n.a,n.a,n.a,n.a,n.a,n.a,n.a,n.a,n.a,n.a
INDI,EHIM,BGS,n.a,n.a,n.a,n.a,n.a,n.a,n.a,n.a,n.a,n.a,n.a
INDI,EHIM,BIOG,n.a,n.a,n.a,n.a,n.a,n.a,n.a,n.a,n.a,n.a,n.a
INDI,EHIM,BMG,n.a,n.a,n.a,n.a,n.a,n.a,n.a,n.a,n.a,n.a,n.a
INDI,EHIM,CHCOA,n.a,n.a,n.a,n.a,n.a,n.a,n.a,n.a,n.a,n.a,n.a
INDI,EHIM,DNG,n.a,n.a,n.a,n.a,n.a,n.a,n.a,n.a,n.a,n.a,n.a
INDI,EHIM,FWD,n.a,n.a,n.a,n.a,n.a,n.a,n.a,n.a,n.a,n.a,n.a
INDI,EHIM,OS2,0.08,n.a,0.08,0.08,n.a,0.16,n.a,n.a,n.a,0.08,0.08
INDI,EHIM,BLIQ,n.a,n.a,n.a,n.a,n.a,n.a,n.a,n.a,n.a,n.a,n.a
INDI,EHIM,WSFNR,n.a,n.a,n.a,n.a,n.a,n.a,n.a,n.a,n.a,n.a,n.a
INDI,EHIM,WSFR,n.a,n.a,n.a,n.a,n.a,n.a,n.a,n.a,n.a,n.a,n.a
INDI,EHIM,GAS,n.a,n.a,n.a,n.a,n.a,n.a,n.a,n.a,n.a,n.a,n.a
INDI,EHIM,HF,n.a,n.a,n.a,n.a,n.a,n.a,n.a,n.a,n.a,n.a,n.a
INDI,EHIM,H2,n.a,n.a,n.a,n.a,n.a,n.a,n.a,n.a,n.a,n.a,n.a
INDI,EHIM,MD,n.a,n.a,n.a,n.a,n.a,n.a,n.a,n.a,n.a,n.a,n.a
INDI,EHIM,GSL,n.a,n.a,n.a,n.a,n.a,n.a,n.a,n.a,n.a,n.a,n.a
INDI,EHIM,LPG,n.a,n.a,n.a,n.a,n.a,n.a,n.a,n.a,n.a,n.a,n.a
INDI,EHIM,SUM,0.9,0.15,0.9,0.9,0,1.2,0,0.2,0,0.9,1.7
INDI,ORIS,BC1,0.3,n.a,0.3,0.3,n.a,0.3,n.a,n.a,n.a,0.3,0.3
INDI,ORIS,BC2,0.3,n.a,0.3,0.3,n.a,0.3,n.a,n.a,n.a,0.3,0.3
INDI,ORIS,HC1,0.05,0.05,0.05,0.05,n.a,0.1,n.a,0.05,n.a,0.05,0.05
INDI,ORIS,HC2,0.05,0.05,0.05,0.05,n.a,0.1,n.a,0.05,n.a,0.05,0.05
INDI,ORIS,HC3,0.05,0.05,0.05,0.05,n.a,0.1,n.a,0.05,n.a,0.05,0.05
INDI,ORIS,DC,0.05,n.a,0.05,0.05,n.a,0.1,n.a,0.05,n.a,0.05,0.85
INDI,ORIS,OS1,0.02,n.a,0,0,n.a,0.04,n.a,n.a,n.a,0.02,0.02
INDI,ORIS,ARD,n.a,n.a,n.a,n.a,n.a,n.a,n.a,n.a,n.a,n.a,n.a
INDI,ORIS,BGS,n.a,n.a,n.a,n.a,n.a,n.a,n.a,n.a,n.a,n.a,n.a
INDI,ORIS,BIOG,n.a,n.a,n.a,n.a,n.a,n.a,n.a,n.a,n.a,n.a,n.a
INDI,ORIS,BMG,n.a,n.a,n.a,n.a,n.a,n.a,n.a,n.a,n.a,n.a,n.a
INDI,ORIS,CHCOA,n.a,n.a,n.a,n.a,n.a,n.a,n.a,n.a,n.a,n.a,n.a
INDI,ORIS,DNG,n.a,n.a,n.a,n.a,n.a,n.a,n.a,n.a,n.a,n.a,n.a
INDI,ORIS,FWD,n.a,n.a,n.a,n.a,n.a,n.a,n.a,n.a,n.a,n.a,n.a
INDI,ORIS,OS2,0.08,n.a,0.08,0.08,n.a,0.18,n.a,n.a,n.a,0.08,0.08
INDI,ORIS,BLIQ,n.a,n.a,n.a,n.a,n.a,n.a,n.a,n.a,n.a,n.a,n.a
INDI,ORIS,WSFNR,n.a,n.a,n.a,n.a,n.a,n.a,n.a,n.a,n.a,n.a,n.a
INDI,ORIS,WSFR,n.a,n.a,n.a,n.a,n.a,n.a,n.a,n.a,n.a,n.a,n.a
INDI,ORIS,GAS,n.a,n.a,n.a,n.a,n.a,n.a,n.a,n.a,n.a,n.a,n.a
INDI,ORIS,HF,n.a,n.a,n.a,n.a,n.a,n.a,n.a,n.a,n.a,n.a,n.a
INDI,ORIS,H2,n.a,n.a,n.a,n.a,n.a,n.a,n.a,n.a,n.a,n.a,n.a
INDI,ORIS,MD,n.a,n.a,n.a,n.a,n.a,n.a,n.a,n.a,n.a,n.a,n.a
INDI,ORIS,GSL,n.a,n.a,n.a,n.a,n.a,n.a,n.a,n.a,n.a,n.a,n.a
INDI,ORIS,LPG,n.a,n.a,n.a,n.a,n.a,n.a,n.a,n.a,n.a,n.a,n.a
INDI,ORIS,SUM,0.9,0.15,0.88,0.88,0,1.22,0,0.2,0,0.9,1.7
INDI,PUNJ,BC1,0.3,n.a,0.3,0.3,n.a,0.3,n.a,n.a,n.a,0.3,0.3
INDI,PUNJ,BC2,0.3,n.a,0.3,0.3,n.a,0.3,n.a,n.a,n.a,0.3,0.3
INDI,PUNJ,HC1,0.05,0.05,0.05,0.05,n.a,0.1,n.a,0.05,n.a,0.05,0.05
INDI,PUNJ,HC2,0.05,0.05,0.05,0.05,n.a,0.1,n.a,0.05,n.a,0.05,0.05
INDI,PUNJ,HC3,0.05,0.05,0.05,0.05,n.a,0.1,n.a,0.05,n.a,0.05,0.05
INDI,PUNJ,DC,0.05,n.a,0.05,0.05,n.a,0.1,n.a,0.05,n.a,0.05,0.85
INDI,PUNJ,OS1,0.02,n.a,0,0,n.a,0.03,n.a,n.a,n.a,0.02,0.02
INDI,PUNJ,ARD,n.a,n.a,n.a,n.a,n.a,n.a,n.a,n.a,n.a,n.a,n.a
INDI,PUNJ,BGS,n.a,n.a,n.a,n.a,n.a,n.a,n.a,n.a,n.a,n.a,n.a
INDI,PUNJ,BIOG,n.a,n.a,n.a,n.a,n.a,n.a,n.a,n.a,n.a,n.a,n.a
INDI,PUNJ,BMG,n.a,n.a,n.a,n.a,n.a,n.a,n.a,n.a,n.a,n.a,n.a
INDI,PUNJ,CHCOA,n.a,n.a,n.a,n.a,n.a,n.a,n.a,n.a,n.a,n.a,n.a
INDI,PUNJ,DNG,n.a,n.a,n.a,n.a,n.a,n.a,n.a,n.a,n.a,n.a,n.a
INDI,PUNJ,FWD,n.a,n.a,n.a,n.a,n.a,n.a,n.a,n.a,n.a,n.a,n.a
INDI,PUNJ,OS2,0.08,n.a,0.08,0.08,n.a,0.19,n.a,n.a,n.a,0.08,0.08
INDI,PUNJ,BLIQ,n.a,n.a,n.a,n.a,n.a,n.a,n.a,n.a,n.a,n.a,n.a
INDI,PUNJ,WSFNR,n.a,n.a,n.a,n.a,n.a,n.a,n.a,n.a,n.a,n.a,n.a
INDI,PUNJ,WSFR,n.a,n.a,n.a,n.a,n.a,n.a,n.a,n.a,n.a,n.a,n.a
INDI,PUNJ,GAS,n.a,n.a,n.a,n.a,n.a,n.a,n.a,n.a,n.a,n.a,n.a
INDI,PUNJ,HF,n.a,n.a,n.a,n.a,n.a,n.a,n.a,n.a,n.a,n.a,n.a
INDI,PUNJ,H2,n.a,n.a,n.a,n.a,n.a,n.a,n.a,n.a,n.a,n.a,n.a
INDI,PUNJ,MD,n.a,n.a,n.a,n.a,n.a,n.a,n.a,n.a,n.a,n.a,n.a
INDI,PUNJ,GSL,n.a,n.a,n.a,n.a,n.a,n.a,n.a,n.a,n.a,n.a,n.a
INDI,PUNJ,LPG,n.a,n.a,n.a,n.a,n.a,n.a,n.a,n.a,n.a,n.a,n.a
INDI,PUNJ,SUM,0.9,0.15,0.88,0.88,0,1.22,0,0.2,0,0.9,1.7
INDI,RAJA,BC1,0.3,n.a,0.3,0.3,n.a,0.3,n.a,n.a,n.a,0.3,0.3
INDI,RAJA,BC2,0.3,n.a,0.3,0.3,n.a,0.3,n.a,n.a,n.a,0.3,0.3
INDI,RAJA,HC1,0.05,0.05,0.05,0.05,n.a,0.1,n.a,0.05,n.a,0.05,0.05
INDI,RAJA,HC2,0.05,0.05,0.05,0.05,n.a,0.1,n.a,0.05,n.a,0.05,0.05
INDI,RAJA,HC3,0.05,0.05,0.05,0.05,n.a,0.1,n.a,0.05,n.a,0.05,0.05
INDI,RAJA,DC,0.05,n.a,0.05,0.05,n.a,0.1,n.a,0.05,n.a,0.05,0.85
INDI,RAJA,OS1,0.02,n.a,0.02,0.02,n.a,0.04,n.a,n.a,n.a,0.02,0.02
INDI,RAJA,ARD,n.a,n.a,n.a,n.a,n.a,n.a,n.a,n.a,n.a,n.a,n.a
INDI,RAJA,BGS,n.a,n.a,n.a,n.a,n.a,n.a,n.a,n.a,n.a,n.a,n.a
INDI,RAJA,BIOG,n.a,n.a,n.a,n.a,n.a,n.a,n.a,n.a,n.a,n.a,n.a
INDI,RAJA,BMG,n.a,n.a,n.a,n.a,n.a,n.a,n.a,n.a,n.a,n.a,n.a
INDI,RAJA,CHCOA,n.a,n.a,n.a,n.a,n.a,n.a,n.a,n.a,n.a,n.a,n.a
INDI,RAJA,DNG,n.a,n.a,n.a,n.a,n.a,n.a,n.a,n.a,n.a,n.a,n.a
INDI,RAJA,FWD,n.a,n.a,n.a,n.a,n.a,n.a,n.a,n.a,n.a,n.a,n.a
INDI,RAJA,OS2,0.08,n.a,0.08,0.08,n.a,0.2,n.a,n.a,n.a,0.08,0.08
INDI,RAJA,BLIQ,n.a,n.a,n.a,n.a,n.a,n.a,n.a,n.a,n.a,n.a,n.a
INDI,RAJA,WSFNR,n.a,n.a,n.a,n.a,n.a,n.a,n.a,n.a,n.a,n.a,n.a
INDI,RAJA,WSFR,n.a,n.a,n.a,n.a,n.a,n.a,n.a,n.a,n.a,n.a,n.a
INDI,RAJA,GAS,n.a,n.a,n.a,n.a,n.a,n.a,n.a,n.a,n.a,n.a,n.a
INDI,RAJA,HF,n.a,n.a,n.a,n.a,n.a,n.a,n.a,n.a,n.a,n.a,n.a
INDI,RAJA,H2,n.a,n.a,n.a,n.a,n.a,n.a,n.a,n.a,n.a,n.a,n.a
INDI,RAJA,MD,n.a,n.a,n.a,n.a,n.a,n.a,n.a,n.a,n.a,n.a,n.a
INDI,RAJA,GSL,n.a,n.a,n.a,n.a,n.a,n.a,n.a,n.a,n.a,n.a,n.a
INDI,RAJA,LPG,n.a,n.a,n.a,n.a,n.a,n.a,n.a,n.a,n.a,n.a,n.a
INDI,RAJA,SUM,0.9,0.15,0.9,0.9,0,1.24,0,0.2,0,0.9,1.7
INDI,TAMI,BC1,0.3,n.a,0.3,0.3,n.a,0.3,n.a,n.a,n.a,0.3,0.3
INDI,TAMI,BC2,0.3,n.a,0.3,0.3,n.a,0.3,n.a,n.a,n.a,0.3,0.3
INDI,TAMI,HC1,0.05,0.05,0.05,0.05,n.a,0.1,n.a,0.05,n.a,0.05,0.05
INDI,TAMI,HC2,0.05,0.05,0.05,0.05,n.a,0.1,n.a,0.05,n.a,0.05,0.05
INDI,TAMI,HC3,0.05,0.05,0.05,0.05,n.a,0.1,n.a,0.05,n.a,0.05,0.05
INDI,TAMI,DC,0.05,n.a,0.05,0.05,n.a,0.1,n.a,0.05,n.a,0.05,0.85
INDI,TAMI,OS1,0.02,n.a,0,0,n.a,0.03,n.a,n.a,n.a,0.02,0.02
INDI,TAMI,ARD,n.a,n.a,n.a,n.a,n.a,n.a,n.a,n.a,n.a,n.a,n.a
INDI,TAMI,BGS,n.a,n.a,n.a,n.a,n.a,n.a,n.a,n.a,n.a,n.a,n.a
INDI,TAMI,BIOG,n.a,n.a,n.a,n.a,n.a,n.a,n.a,n.a,n.a,n.a,n.a
INDI,TAMI,BMG,n.a,n.a,n.a,n.a,n.a,n.a,n.a,n.a,n.a,n.a,n.a
INDI,TAMI,CHCOA,n.a,n.a,n.a,n.a,n.a,n.a,n.a,n.a,n.a,n.a,n.a
INDI,TAMI,DNG,n.a,n.a,n.a,n.a,n.a,n.a,n.a,n.a,n.a,n.a,n.a
INDI,TAMI,FWD,n.a,n.a,n.a,n.a,n.a,n.a,n.a,n.a,n.a,n.a,n.a
INDI,TAMI,OS2,0.08,n.a,0.08,0.08,n.a,0.19,n.a,n.a,n.a,0.08,0.08
INDI,TAMI,BLIQ,n.a,n.a,n.a,n.a,n.a,n.a,n.a,n.a,n.a,n.a,n.a
INDI,TAMI,WSFNR,n.a,n.a,n.a,n.a,n.a,n.a,n.a,n.a,n.a,n.a,n.a
INDI,TAMI,WSFR,n.a,n.a,n.a,n.a,n.a,n.a,n.a,n.a,n.a,n.a,n.a
INDI,TAMI,GAS,n.a,n.a,n.a,n.a,n.a,n.a,n.a,n.a,n.a,n.a,n.a
INDI,TAMI,HF,n.a,n.a,n.a,n.a,n.a,n.a,n.a,n.a,n.a,n.a,n.a
INDI,TAMI,H2,n.a,n.a,n.a,n.a,n.a,n.a,n.a,n.a,n.a,n.a,n.a
INDI,TAMI,MD,n.a,n.a,n.a,n.a,n.a,n.a,n.a,n.a,n.a,n.a,n.a
INDI,TAMI,GSL,n.a,n.a,n.a,n.a,n.a,n.a,n.a,n.a,n.a,n.a,n.a
INDI,TAMI,LPG,n.a,n.a,n.a,n.a,n.a,n.a,n.a,n.a,n.a,n.a,n.a
INDI,TAMI,SUM,0.9,0.15,0.88,0.88,0,1.22,0,0.2,0,0.9,1.7
INDI,UTPR,BC1,0.3,n.a,0.3,0.3,n.a,0.3,n.a,n.a,n.a,0.3,0.3
INDI,UTPR,BC2,0.3,n.a,0.3,0.3,n.a,0.3,n.a,n.a,n.a,0.3,0.3
INDI,UTPR,HC1,0.05,0.05,0.05,0.05,n.a,0.1,n.a,0.05,n.a,0.05,0.05
INDI,UTPR,HC2,0.05,0.05,0.05,0.05,n.a,0.1,n.a,0.05,n.a,0.05,0.05
INDI,UTPR,HC3,0.05,0.05,0.05,0.05,n.a,0.1,n.a,0.05,n.a,0.05,0.05
INDI,UTPR,DC,0.05,n.a,0.05,0.05,n.a,0.1,n.a,0.05,n.a,0.05,0.85
INDI,UTPR,OS1,0.02,n.a,0,0,n.a,0.03,n.a,n.a,n.a,0.02,0.02
INDI,UTPR,ARD,n.a,n.a,n.a,n.a,n.a,n.a,n.a,n.a,n.a,n.a,n.a
INDI,UTPR,BGS,n.a,n.a,n.a,n.a,n.a,n.a,n.a,n.a,n.a,n.a,n.a
INDI,UTPR,BIOG,n.a,n.a,n.a,n.a,n.a,n.a,n.a,n.a,n.a,n.a,n.a
INDI,UTPR,BMG,n.a,n.a,n.a,n.a,n.a,n.a,n.a,n.a,n.a,n.a,n.a
INDI,UTPR,CHCOA,n.a,n.a,n.a,n.a,n.a,n.a,n.a,n.a,n.a,n.a,n.a
INDI,UTPR,DNG,n.a,n.a,n.a,n.a,n.a,n.a,n.a,n.a,n.a,n.a,n.a
INDI,UTPR,FWD,n.a,n.a,n.a,n.a,n.a,n.a,n.a,n.a,n.a,n.a,n.a
INDI,UTPR,OS2,0.08,n.a,0.08,0.08,n.a,0.22,n.a,n.a,n.a,0.08,0.08
INDI,UTPR,BLIQ,n.a,n.a,n.a,n.a,n.a,n.a,n.a,n.a,n.a,n.a,n.a
INDI,UTPR,WSFNR,n.a,n.a,n.a,n.a,n.a,n.a,n.a,n.a,n.a,n.a,n.a
INDI,UTPR,WSFR,n.a,n.a,n.a,n.a,n.a,n.a,n.a,n.a,n.a,n.a,n.a
INDI,UTPR,GAS,n.a,n.a,n.a,n.a,n.a,n.a,n.a,n.a,n.a,n.a,n.a
INDI,UTPR,HF,n.a,n.a,n.a,n.a,n.a,n.a,n.a,n.a,n.a,n.a,n.a
INDI,UTPR,H2,n.a,n.a,n.a,n.a,n.a,n.a,n.a,n.a,n.a,n.a,n.a
INDI,UTPR,MD,n.a,n.a,n.a,n.a,n.a,n.a,n.a,n.a,n.a,n.a,n.a
INDI,UTPR,GSL,n.a,n.a,n.a,n.a,n.a,n.a,n.a,n.a,n.a,n.a,n.a
INDI,UTPR,LPG,n.a,n.a,n.a,n.a,n.a,n.a,n.a,n.a,n.a,n.a,n.a
INDI,UTPR,SUM,0.9,0.15,0.88,0.88,0,1.25,0,0.2,0,0.9,1.7
INDI,UTAN,BC1,0.3,n.a,0.3,0.3,n.a,0.3,n.a,n.a,n.a,0.3,0.3
INDI,UTAN,BC2,0.3,n.a,0.3,0.3,n.a,0.3,n.a,n.a,n.a,0.3,0.3
INDI,UTAN,HC1,0.05,0.05,0.05,0.05,n.a,0.1,n.a,0.05,n.a,0.05,0.05
INDI,UTAN,HC2,0.05,0.05,0.05,0.05,n.a,0.1,n.a,0.05,n.a,0.05,0.05
INDI,UTAN,HC3,0.05,0.05,0.05,0.05,n.a,0.1,n.a,0.05,n.a,0.05,0.05
INDI,UTAN,DC,0.05,n.a,0.05,0.05,n.a,0.1,n.a,0.05,n.a,0.05,0.85
INDI,UTAN,OS1,0.02,n.a,0,0,n.a,0.03,n.a,n.a,n.a,0.02,0.02
INDI,UTAN,ARD,n.a,n.a,n.a,n.a,n.a,n.a,n.a,n.a,n.a,n.a,n.a
INDI,UTAN,BGS,n.a,n.a,n.a,n.a,n.a,n.a,n.a,n.a,n.a,n.a,n.a
INDI,UTAN,BIOG,n.a,n.a,n.a,n.a,n.a,n.a,n.a,n.a,n.a,n.a,n.a
INDI,UTAN,BMG,n.a,n.a,n.a,n.a,n.a,n.a,n.a,n.a,n.a,n.a,n.a
INDI,UTAN,CHCOA,n.a,n.a,n.a,n.a,n.a,n.a,n.a,n.a,n.a,n.a,n.a
INDI,UTAN,DNG,n.a,n.a,n.a,n.a,n.a,n.a,n.a,n.a,n.a,n.a,n.a
INDI,UTAN,FWD,n.a,n.a,n.a,n.a,n.a,n.a,n.a,n.a,n.a,n.a,n.a
INDI,UTAN,OS2,0.08,n.a,0.08,0.08,n.a,0.22,n.a,n.a,n.a,0.08,0.08
INDI,UTAN,BLIQ,n.a,n.a,n.a,n.a,n.a,n.a,n.a,n.a,n.a,n.a,n.a
INDI,UTAN,WSFNR,n.a,n.a,n.a,n.a,n.a,n.a,n.a,n.a,n.a,n.a,n.a
INDI,UTAN,WSFR,n.a,n.a,n.a,n.a,n.a,n.a,n.a,n.a,n.a,n.a,n.a
INDI,UTAN,GAS,n.a,n.a,n.a,n.a,n.a,n.a,n.a,n.a,n.a,n.a,n.a
INDI,UTAN,HF,n.a,n.a,n.a,n.a,n.a,n.a,n.a,n.a,n.a,n.a,n.a
INDI,UTAN,H2,n.a,n.a,n.a,n.a,n.a,n.a,n.a,n.a,n.a,n.a,n.a
INDI,UTAN,MD,n.a,n.a,n.a,n.a,n.a,n.a,n.a,n.a,n.a,n.a,n.a
INDI,UTAN,GSL,n.a,n.a,n.a,n.a,n.a,n.a,n.a,n.a,n.a,n.a,n.a
INDI,UTAN,LPG,n.a,n.a,n.a,n.a,n.a,n.a,n.a,n.a,n.a,n.a,n.a
INDI,UTAN,SUM,0.9,0.15,0.88,0.88,0,1.25,0,0.2,0,0.9,1.7
INDI,BENG,BC1,0.3,n.a,0.3,0.3,n.a,0.3,n.a,n.a,n.a,0.3,0.3
INDI,BENG,BC2,0.3,n.a,0.3,0.3,n.a,0.3,n.a,n.a,n.a,0.3,0.3
INDI,BENG,HC1,0.05,0.05,0.05,0.05,n.a,0.1,n.a,0.05,n.a,0.05,0.05
INDI,BENG,HC2,0.05,0.05,0.05,0.05,n.a,0.1,n.a,0.05,n.a,0.05,0.05
INDI,BENG,HC3,0.05,0.05,0.05,0.05,n.a,0.1,n.a,0.05,n.a,0.05,0.05
INDI,BENG,DC,0.05,n.a,0.05,0.05,n.a,0.1,n.a,0.05,n.a,0.05,0.85
INDI,BENG,OS1,0.02,n.a,0.02,0.02,n.a,0.03,n.a,n.a,n.a,0.02,0.02
INDI,BENG,ARD,n.a,n.a,n.a,n.a,n.a,n.a,n.a,n.a,n.a,n.a,n.a
INDI,BENG,BGS,n.a,n.a,n.a,n.a,n.a,n.a,n.a,n.a,n.a,n.a,n.a
INDI,BENG,BIOG,n.a,n.a,n.a,n.a,n.a,n.a,n.a,n.a,n.a,n.a,n.a
INDI,BENG,BMG,n.a,n.a,n.a,n.a,n.a,n.a,n.a,n.a,n.a,n.a,n.a
INDI,BENG,CHCOA,n.a,n.a,n.a,n.a,n.a,n.a,n.a,n.a,n.a,n.a,n.a
INDI,BENG,DNG,n.a,n.a,n.a,n.a,n.a,n.a,n.a,n.a,n.a,n.a,n.a
INDI,BENG,FWD,n.a,n.a,n.a,n.a,n.a,n.a,n.a,n.a,n.a,n.a,n.a
INDI,BENG,OS2,0.08,n.a,0.08,0.08,n.a,0.21,n.a,n.a,n.a,0.08,0.08
INDI,BENG,BLIQ,n.a,n.a,n.a,n.a,n.a,n.a,n.a,n.a,n.a,n.a,n.a
INDI,BENG,WSFNR,n.a,n.a,n.a,n.a,n.a,n.a,n.a,n.a,n.a,n.a,n.a
INDI,BENG,WSFR,n.a,n.a,n.a,n.a,n.a,n.a,n.a,n.a,n.a,n.a,n.a
INDI,BENG,GAS,n.a,n.a,n.a,n.a,n.a,n.a,n.a,n.a,n.a,n.a,n.a
INDI,BENG,HF,n.a,n.a,n.a,n.a,n.a,n.a,n.a,n.a,n.a,n.a,n.a
INDI,BENG,H2,n.a,n.a,n.a,n.a,n.a,n.a,n.a,n.a,n.a,n.a,n.a
INDI,BENG,MD,n.a,n.a,n.a,n.a,n.a,n.a,n.a,n.a,n.a,n.a,n.a
INDI,BENG,GSL,n.a,n.a,n.a,n.a,n.a,n.a,n.a,n.a,n.a,n.a,n.a
INDI,BENG,LPG,n.a,n.a,n.a,n.a,n.a,n.a,n.a,n.a,n.a,n.a,n.a
INDI,BENG,SUM,0.9,0.15,0.9,0.9,0,1.24,0,0.2,0,0.9,1.7
