iso,final_data_flag,IEAName,IEA_Fert_reg,BPName,Country_Name,OECD_flag,FAO_Country_Code,UNFCCC,Region,Figure_Region,Paper_Figure_Region,EMEP,WorldBank,BPName_Oil_production,WB_income_level,note
abw,1,Other Non-OECD Americas,Latin America,Other S. & Cent. America,Aruba,NonOECD,0,Aruba,Latin America,Central and South America,Latin America,,AW,,high-income,separated from Netherlands Antilles in 1986
afg,1,Other Asia,Other Asia,Other Asia Pacific,Afghanistan,NonOECD,2,Afghanistan,Asia,Other Asia,Other Asia/Pacific,,AF,,,
ago,1,Angola,Africa,Other Africa,Angola,NonOECD,7,Angola,Africa,Africa,Africa,,AO,Angola,,
alb,1,Albania,Central European countries,Other Europe & Eurasia,Albania,NonOECD,3,Albania,Eastern Europe,Eastern Europe,Europe,AL,AL,,,
ant,0,Netherlands Antilles,Latin America,Other S. & Cent. America,Netherlands Antilles,NonOECD,0,Netherlands Antilles,Latin America,Central and South America,Latin America,,AN,,,historical
are,1,United Arab Emirates,Middle East,United Arab Emirates,United Arab Emirates,NonOECD,225,United Arab Emirates,Middle East,Middle East,Other Asia/Pacific,,AE,United Arab Emirates,high-income,
arg,1,Argentina,Latin America,Argentina,Argentina,NonOECD,9,Argentina,Latin America,Central and South America,Latin America,,AR,Argentina,,
arm,1,Armenia,CIS,Other Europe & Eurasia,Armenia,NonOECD,1,Armenia,FSU,FSU,Former Soviet Union,AM,AM,,,
arm,1,Former Soviet Union (if no detail),CIS,Other Europe & Eurasia,Armenia,NonOECD,1,Armenia,FSU,FSU,Former Soviet Union,AM,AM,,,
asm,1,Other Non-OECD Americas,Latin America,Other S. & Cent. America,American Samoa,NonOECD,,,Islands,Other Asia,Other Asia/Pacific,,,,,
atg,1,Other Non-OECD Americas,Latin America,Other S. & Cent. America,Antigua and Barbuda,NonOECD,8,Antigua and Barbuda,Latin America,Central and South America,Latin America,,AG,,high-income,
aus,1,Australia,Oceania,Australia,Australia,OECD,10,Australia,OtherOECD90,South East Asia and Aust/NZ,Other Asia/Pacific,,AU,Australia,high-income,
aut,1,Austria,Western Europe,Austria,Austria,OECD,11,Austria,Western Europe,Western Europe,Europe,AT,AT,,high-income,
aze,1,Azerbaijan,CIS,Azerbaijan,Azerbaijan,NonOECD,52,Azerbaijan,FSU,FSU,Former Soviet Union,AZ,AZ,Azerbaijan,,
aze,1,Former Soviet Union (if no detail),CIS,Other Europe & Eurasia,Azerbaijan,NonOECD,52,Azerbaijan,FSU,FSU,Former Soviet Union,AZ,AZ,,,
bdi,1,Other Africa,Africa,Other Africa,Burundi,NonOECD,29,Burundi,Africa,Africa,Africa,,BI,,,
bel,1,Belgium,Western Europe,Belgium,Belgium,OECD,255,Belgium,Western Europe,Western Europe,Europe,BE,BE,,high-income,
ben,1,Benin,Africa,Other Africa,Benin,NonOECD,53,Benin,Africa,Africa,Africa,,BJ,,,
bfa,1,Other Africa,Africa,Other Africa,Burkina Faso,NonOECD,233,Burkina Faso,Africa,Africa,Africa,,BF,,,
bgd,1,Bangladesh,Other Asia,Bangladesh,Bangladesh,NonOECD,16,Bangladesh,Asia,Other Asia,Other Asia/Pacific,,BD,,,
bgr,1,Bulgaria,Central European countries,Bulgaria,Bulgaria,NonOECD,27,Bulgaria,Eastern Europe,Eastern Europe,Europe,BG,BG,,,
bhr,1,Bahrain,Middle East,Other Middle East,Bahrain,NonOECD,13,Bahrain,Middle East,Middle East,Other Asia/Pacific,,BH,,high-income,
bhs,1,Other Non-OECD Americas,Latin America,Other S. & Cent. America,Bahamas,NonOECD,12,Bahamas,Latin America,Central and South America,Latin America,,BS,,high-income,
bih,1,Bosnia and Herzegovina,Central European countries,Other Europe & Eurasia,Bosnia and Herzegovina,NonOECD,80,Bosnia and Herzegovina,Eastern Europe,Eastern Europe,Europe,BA,BA,,,
bih,1,Former Yugoslavia (if no detail),Central European countries,Other Europe & Eurasia,Bosnia and Herzegovina,NonOECD,80,Bosnia and Herzegovina,Eastern Europe,Eastern Europe,Europe,BA,BA,,,
blr,1,Belarus,CIS,Belarus,Belarus,NonOECD,57,Belarus,FSU,FSU,Former Soviet Union,BY,BY,,,
blr,1,Former Soviet Union (if no detail),CIS,Other Europe & Eurasia,Belarus,NonOECD,57,Belarus,FSU,FSU,Former Soviet Union,BY,BY,,,
blx,0,,,,Belgium-Luxembourg ,OECD,15,,Western Europe,Western Europe,Europe,,,,,historical
blz,1,Other Non-OECD Americas,Latin America,Other S. & Cent. America,Belize,NonOECD,23,Belize,Latin America,Central and South America,Latin America,,BZ,,,
bmu,1,Other Non-OECD Americas,Western Europe,Other S. & Cent. America,Bermuda,NonOECD,0,Bermuda,Latin America,Central and South America,Latin America,,BM,,high-income,
bol,1,Bolivia,Latin America,Other S. & Cent. America,Bolivia,NonOECD,19,Bolivia,Latin America,Central and South America,Latin America,,BO,,,
bra,1,Brazil,Latin America,Brazil,Brazil,NonOECD,21,Brazil,Latin America,Central and South America,Latin America,,BR,Brazil,,
brb,1,Other Non-OECD Americas,Latin America,Other S. & Cent. America,Barbados,NonOECD,14,Barbados,Latin America,Central and South America,Latin America,,BB,,high-income,
brn,1,Brunei Darussalam,Other Asia,Other Asia Pacific,Brunei Darussalam,NonOECD,26,Brunei Darussalam,Asia,South East Asia and Aust/NZ,Other Asia/Pacific,,BN,Brunei,high-income,
btn,1,Other Asia,Other Asia,Other Asia Pacific,Bhutan,NonOECD,18,Bhutan,Asia,Other Asia,Other Asia/Pacific,,BT,,,
bwa,1,Botswana,Africa,Other Africa,Botswana,NonOECD,20,Botswana,Africa,Africa,Africa,,BW,,,
caf,1,Other Africa,Africa,Other Africa,Central African Republic,NonOECD,37,Central African Republic,Africa,Africa,Africa,,CF,,,
can,1,Canada,North America,Canada,Canada,OECD,33,Canada,OtherOECD90,North America,North America,CA,CA,Canada,high-income,
che,1,Switzerland,Western Europe,Switzerland,Switzerland,OECD,211,Switzerland,Western Europe,Western Europe,Europe,CH,CH,,high-income,
chl,1,Chile,Latin America,Chile,Chile,OECD,40,Chile,Latin America,Central and South America,Latin America,,CL,,high-income,
chn,1,Peoples Republic of China,China,China,China,NonOECD,41,China,Asia,China,China,,CN,China,,
civ,1,Cote dIvoire,Africa,Other Africa,Cote dIvoire,NonOECD,107,Cote dIvoire,Africa,Africa,Africa,,CI,,,
cmr,1,Cameroon,Africa,Other Africa,Cameroon,NonOECD,32,Cameroon,Africa,Africa,Africa,,CM,,,
cod,1,Democratic Republic of Congo,Africa,Other Africa,Democratic Republic of Congo,NonOECD,250,Democratic Republic of Congo,Africa,Africa,Africa,,CD,,,
cod,1,Dem. Republic of the Congo,Africa,Other Africa,Democratic Republic of Congo,NonOECD,250,Democratic Republic of Congo,Africa,Africa,Africa,,CD,Rep. of Congo (Brazzaville),,
cog,1,Congo,Africa,Other Africa,Congo,NonOECD,46,Congo,Africa,Africa,Africa,,CG,,,
cok,1,Other Asia,Other Asia,Other Asia Pacific,Cook Islands,NonOECD,,,Islands,Other Asia,Other Asia/Pacific,,,,,
col,1,Colombia,Latin America,Colombia,Colombia,NonOECD,44,Colombia,Latin America,Central and South America,Latin America,,CO,Colombia,,
com,1,Other Africa,Africa,Other Africa,Comoros,NonOECD,45,Comoros,Africa,Africa,Africa,,KM,,,
cpv,1,Other Africa,Africa,Other Africa,Cape Verde,NonOECD,35,Cape Verde,Africa,Africa,Africa,,CV,,,
cri,1,Costa Rica,Latin America,Other S. & Cent. America,Costa Rica,NonOECD,48,Costa Rica,Latin America,Central and South America,Latin America,,CR,,,
csk,0,,,,Czechoslovakia,OECD,51,Czechoslovakia,Eastern Europe,Eastern Europe,Europe,,,,,historical
cub,1,Cuba,Latin America,Other S. & Cent. America,Cuba,NonOECD,49,Cuba,Latin America,Central and South America,Latin America,,CU,,,
cuw,1,Curacao,Latin America,Other S. & Cent. America,Curacao,NonOECD,0,,Latin America,Central and South America,Latin America,,,,high-income,separated from Netherlands Antilles in 2010
cym,1,Other Non-OECD Americas,Latin America,Other S. & Cent. America,Cayman Islands,NonOECD,0,Cayman Islands,Latin America,Central and South America,Latin America,,KY,,high-income,
cyp,1,Cyprus,Western Europe,Other Europe & Eurasia,Cyprus,NonOECD,50,Cyprus,Western Europe,Western Europe,Europe,CY,CY,,high-income,
cze,1,Czech Republic,Central European countries,Czech Republic,Czech Republic,OECD,167,Czech Republic,Eastern Europe,Eastern Europe,Europe,CZ,CZ,,high-income,
deu,1,Germany,Western Europe,Germany,Germany,OECD,79,Germany,Western Europe,Western Europe,Europe,DE,DE,,high-income,
dji,1,Other Africa,Africa,Other Africa,Djibouti,NonOECD,72,Djibouti,Africa,Africa,Africa,,DJ,,,
dma,1,Other Non-OECD Americas,Latin America,Other S. & Cent. America,Dominica,NonOECD,55,Dominica,Latin America,Central and South America,Latin America,,DM,,,
dnk,1,Denmark,Western Europe,Denmark,Denmark,OECD,54,Denmark,Western Europe,Western Europe,Europe,DK,DK,Denmark,high-income,
dom,1,Dominican Republic,Latin America,Other S. & Cent. America,Dominican Republic,NonOECD,56,Dominican Republic,Latin America,Central and South America,Latin America,,DO,,,
dza,1,Algeria,Africa,Algeria,Algeria,NonOECD,4,Algeria,Africa,Africa,Africa,,DZ,Algeria,,
ecu,1,Ecuador,Latin America,Ecuador,Ecuador,NonOECD,58,Ecuador,Latin America,Central and South America,Latin America,,EC,Ecuador,,
egy,1,Egypt,Africa,Egypt,Egypt,NonOECD,59,Egypt,Africa,Africa,Africa,,EG,Egypt,,
eri,1,Eritrea,Africa,Other Africa,Eritrea,NonOECD,178,Eritrea,Africa,Africa,Africa,,ER,,,
esh,1,Other Africa,Africa,Other Africa,Western Sahara,NonOECD,0,Western Sahara,Africa,Africa,Africa,,EH,,,
esp,1,Spain,Western Europe,Spain,Spain,OECD,203,Spain,Western Europe,Western Europe,Europe,ES,ES,,high-income,
est,1,Estonia,CIS,Other Europe & Eurasia,Estonia,OECD,63,Estonia,FSU,FSU,Former Soviet Union,EE,EE,,high-income,
est,1,Former Soviet Union (if no detail),CIS,Other Europe & Eurasia,Estonia,OECD,63,Estonia,FSU,FSU,Former Soviet Union,EE,EE,,high-income,
eth,1,Ethiopia,Africa,Other Africa,Ethiopia,NonOECD,62,Ethiopia,Africa,Africa,Africa,,ET,,,
fin,1,Finland,Western Europe,Finland,Finland,OECD,67,Finland,Western Europe,Western Europe,Europe,FI,FI,,high-income,
fji,1,Other Asia,Other Asia,Other Asia Pacific,Fiji,NonOECD,66,Fiji,Asia,Other Asia,Other Asia/Pacific,,FJ,,,
flk,1,Other Non-OECD Americas,Latin America,Other S. & Cent. America,Falkland Islands,NonOECD,0,Falkland Islands,Latin America,Central and South America,Latin America,,,,,
fra,1,France,Western Europe,France,France,OECD,68,France,Western Europe,Western Europe,Europe,FR,FR,,high-income,
fro,1,,,,Faeroe Islands,NonOECD,,,Islands,Central and South America,Latin America,,,,high-income,
fsm,1,Other Asia,Other Asia,Other Asia Pacific,Federated States of Micronesia,NonOECD,145,Federated States of Micronesia,Asia,South East Asia and Aust/NZ,Other Asia/Pacific,,,,,
gab,1,Gabon,Africa,Other Africa,Gabon,NonOECD,74,Gabon,Africa,Africa,Africa,,GA,Gabon,,
gbr,1,United Kingdom,Western Europe,United Kingdom,United Kingdom,OECD,229,United Kingdom of Great Britain and Northern Ireland,Western Europe,Western Europe,Europe,GB,GB,United Kingdom,high-income,
geo,1,Georgia,CIS,Other Europe & Eurasia,Georgia,NonOECD,73,Georgia,FSU,FSU,Former Soviet Union,GE,GE,,,
geo,1,Former Soviet Union (if no detail),CIS,Other Europe & Eurasia,Georgia,NonOECD,73,Georgia,FSU,FSU,Former Soviet Union,GE,GE,,,
gha,1,Ghana,Africa,Other Africa,Ghana,NonOECD,81,Ghana,Africa,Africa,Africa,,GH,,,
gib,1,Gibraltar,Western Europe,Other Europe & Eurasia,Gibraltar,NonOECD,0,Gibraltar,Western Europe,Western Europe,Europe,,GI,,high-income,
gin,1,Other Africa,Africa,Other Africa,Guinea,NonOECD,90,Guinea,Africa,Africa,Africa,,GN,,,
global,1,,,None,Global,Neither,,,Global,Global,International,,,,,
glp,1,Other Non-OECD Americas,Latin America,Other S. & Cent. America,Guadeloupe,NonOECD,0,Guadeloupe,Latin America,Central and South America,Latin America,,GP,,,
gmb,1,Other Africa,Africa,Other Africa,Gambia,NonOECD,75,Gambia,Africa,Africa,Africa,,GN,,,
gnb,1,Other Africa,Africa,Other Africa,Guinea-Bissau,NonOECD,175,Guinea-Bissau,Africa,Africa,Africa,,GW,,,
gnq,1,Other Africa,Africa,Other Africa,Equatorial Guinea,NonOECD,61,Equatorial Guinea,Africa,Africa,Africa,,GQ,Equatorial Guinea,,
grc,1,Greece,Western Europe,Greece,Greece,OECD,84,Greece,Western Europe,Western Europe,Europe,GR,GR,,high-income,
grd,1,Other Non-OECD Americas,Latin America,Other S. & Cent. America,Grenada,NonOECD,86,Grenada,Latin America,Central and South America,Latin America,,GD,,,
grl,1,,,,Greenland,OECD,,,Western Europe,Western Europe,Europe,,,,high-income,
gtm,1,Guatemala,Latin America,Other S. & Cent. America,Guatemala,NonOECD,89,Guatemala,Latin America,Central and South America,Latin America,,GT,,,
guf,1,Other Non-OECD Americas,Latin America,Other S. & Cent. America,French Guiana,NonOECD,69,French Guiana,Latin America,Central and South America,Latin America,,GF,,,
gum,,,,,Guam,NonOECD,,,Islands,Other Asia,Other Asia/Pacific,,,,high-income,
guy,1,Other Non-OECD Americas,Latin America,Other S. & Cent. America,Guyana,NonOECD,91,Guyana,Latin America,Central and South America,Latin America,,GY,,,
hkg,1,"Hong Kong, China",Other Asia,China Hong Kong SAR,"Hong Kong, China",NonOECD,96,"Hong Kong, China",Asia,Other Asia,Other Asia/Pacific,,HK,,high-income,
hnd,1,Honduras,Latin America,Other S. & Cent. America,Honduras,NonOECD,95,Honduras,Latin America,Central and South America,Latin America,,HN,,,
hrv,1,Croatia,Central European countries,Other Europe & Eurasia,Croatia,NonOECD,98,Croatia,Eastern Europe,Eastern Europe,Europe,HR,HR,,high-income,
hrv,1,Former Yugoslavia (if no detail),Central European countries,Other Europe & Eurasia,Croatia,NonOECD,98,Croatia,Eastern Europe,Eastern Europe,Europe,HR,HR,,high-income,
hti,1,Haiti,Latin America,Other S. & Cent. America,Haiti,NonOECD,93,Haiti,Latin America,Central and South America,Latin America,,HT,,,
hun,1,Hungary,Central European countries,Hungary,Hungary,OECD,97,Hungary,Eastern Europe,Eastern Europe,Europe,HU,HU,,high-income,
idn,1,Indonesia,Other Asia,Indonesia,Indonesia,NonOECD,101,Indonesia,Asia,South East Asia and Aust/NZ,Other Asia/Pacific,,ID,Indonesia,,
ind,1,India,India,India,India,NonOECD,100,India,Asia,Other Asia,Other Asia/Pacific,,IN,India,,
irl,1,Ireland,Western Europe,Republic of Ireland,Ireland,OECD,104,Ireland,Western Europe,Western Europe,Europe,IE,IE,,high-income,
irl,1,Ireland,Western Europe,Ireland,Ireland,OECD,104,Ireland,Western Europe,Western Europe,Europe,IE,IE,,high-income,Duplicate line added to account for alternative country name used in latest version of BP energy data
irn,1,Islamic Republic of Iran,Middle East,Iran,Islamic Republic of Iran,NonOECD,102,Islamic Republic of Iran,Middle East,Middle East,Other Asia/Pacific,,IR,Iran,,
irq,1,Iraq,Middle East,Other Middle East,Iraq,NonOECD,103,Iraq,Middle East,Middle East,Other Asia/Pacific,,IQ,Iraq,,
isl,1,Iceland,Western Europe,Other Europe & Eurasia,Iceland,OECD,99,Iceland,Western Europe,Western Europe,Europe,IS,IS,,high-income,
isr,1,Israel,Middle East,Israel,Israel,OECD,105,Israel,Middle East,Middle East,Other Asia/Pacific,,IL,,high-income,
ita,1,Italy,Western Europe,Italy,Italy,OECD,106,Italy,Western Europe,Western Europe,Europe,IT,IT,Italy,high-income,
jam,1,Jamaica,Latin America,Other S. & Cent. America,Jamaica,NonOECD,109,Jamaica,Latin America,Central and South America,Latin America,,JM,,,
jor,1,Jordan,Middle East,Other Middle East,Jordan,NonOECD,112,Jordan,Middle East,Middle East,Other Asia/Pacific,,JO,,,
jpn,1,Japan,Other Asia,Japan,Japan,OECD,110,Japan,OtherOECD90,Other Asia,Other Asia/Pacific,,JP,,high-income,
kaz,1,Kazakhstan,CIS,Kazakhstan,Kazakhstan,NonOECD,108,Kazakhstan,FSU,FSU,Former Soviet Union,,KZ,Kazakhstan,,
kaz,1,Former Soviet Union (if no detail),CIS,Other Europe & Eurasia,Kazakhstan,NonOECD,108,Kazakhstan,FSU,FSU,Former Soviet Union,,KZ,,,
ken,1,Kenya,Africa,Other Africa,Kenya,NonOECD,114,Kenya,Africa,Africa,Africa,,KE,,,
kgz,1,Kyrgyzstan,CIS,Other Europe & Eurasia,Kyrgyzstan,NonOECD,113,Kyrgyzstan,FSU,FSU,Former Soviet Union,KG,KG,,,
kgz,1,Former Soviet Union (if no detail),CIS,Other Europe & Eurasia,Kyrgyzstan,NonOECD,113,Kyrgyzstan,FSU,FSU,Former Soviet Union,KG,KG,,,
khm,1,Cambodia,China,Other Asia Pacific,Cambodia,NonOECD,115,Cambodia,Asia,Other Asia,Other Asia/Pacific,,KH,,,
kir,1,Other Asia,Other Asia,Other Asia Pacific,Kiribati,NonOECD,83,Kiribati,Asia,Other Asia,Other Asia/Pacific,,KI,,,
kna,1,Other Non-OECD Americas,Latin America,Other S. & Cent. America,Saint Kitts and Nevis,NonOECD,188,Saint Kitts and Nevis,Latin America,Central and South America,Latin America,,KN,,high-income,
kor,1,Korea,Other Asia,South Korea,Republic of Korea,OECD,117,Republic of Korea,Asia,Other Asia,Other Asia/Pacific,,KR,,high-income,
kwt,1,Kuwait,Middle East,Kuwait,Kuwait,NonOECD,118,Kuwait,Middle East,Middle East,Other Asia/Pacific,,KW,Kuwait,high-income,
lao,1,Other Asia,Other Asia,Other Asia Pacific,Laos,NonOECD,120,Laos,Asia,Other Asia,Other Asia/Pacific,,LA,,,
lbn,1,Lebanon,Middle East,Other Middle East,Lebanon,NonOECD,121,Lebanon,Middle East,Middle East,Other Asia/Pacific,,LB,,,
lbr,1,Other Africa,Africa,Other Africa,Liberia,NonOECD,123,Liberia,Africa,Africa,Africa,,LR,,,
lby,1,Libya,Africa,Other Africa,Libya,NonOECD,124,Libya,Africa,Africa,Africa,,LY,Libya,,
lca,1,Other Non-OECD Americas,Latin America,Other S. & Cent. America,Saint Lucia,NonOECD,189,Saint Lucia,Latin America,Central and South America,Latin America,,LC,,,
lie,1,,,,Liechtenstein,NonOECD,125,Liechtenstein,Western Europe,Western Europe,Europe,LI,LI,,high-income,
lka,1,Sri Lanka,Other Asia,Other Asia Pacific,Sri Lanka,NonOECD,38,Sri Lanka,Asia,Other Asia,Other Asia/Pacific,,LK,,,
lso,1,Other Africa,Africa,Other Africa,Lesotho,NonOECD,122,Lesotho,Africa,Africa,Africa,,LS,,,
ltu,1,Lithuania,CIS,Lithuania,Lithuania,NonOECD,126,Lithuania,FSU,FSU,Former Soviet Union,LT,LT,,high-income,
ltu,1,Former Soviet Union (if no detail),CIS,Other Europe & Eurasia,Lithuania,NonOECD,126,Lithuania,FSU,FSU,Former Soviet Union,LT,LT,,high-income,
lux,1,Luxembourg,Western Europe,Other Europe & Eurasia,Luxembourg,OECD,256,Luxembourg,Western Europe,Western Europe,Europe,LU,LU,,high-income,
lva,1,Latvia,CIS,Other Europe & Eurasia,Latvia,NonOECD,119,Latvia,FSU,FSU,Former Soviet Union,LV,LV,,high-income,
lva,1,Former Soviet Union (if no detail),CIS,Other Europe & Eurasia,Latvia,NonOECD,119,Latvia,FSU,FSU,Former Soviet Union,LV,LV,,high-income,
mac,1,Other Asia,Other Asia,Other Asia Pacific,Macao,NonOECD,0,Macao,Asia,Other Asia,Other Asia/Pacific,,MO,,high-income,
mar,1,Morocco,Africa,Other Africa,Morocco,NonOECD,143,Morocco,Africa,Africa,Africa,,MA,,,
mda,1,Republic of Moldova,CIS,Other Europe & Eurasia,Moldova,NonOECD,146,Moldova,FSU,FSU,Former Soviet Union,MD,MD,,,
mda,1,Moldova,CIS,Other Europe & Eurasia,Moldova,NonOECD,146,Moldova,FSU,FSU,Former Soviet Union,MD,MD,,,
mda,1,Former Soviet Union (if no detail),CIS,Other Europe & Eurasia,Moldova,NonOECD,146,Moldova,FSU,FSU,Former Soviet Union,MD,MD,,,
mdg,1,Other Africa,Africa,Other Africa,Madagascar,NonOECD,129,Madagascar,Africa,Africa,Africa,,MG,,,
mdv,1,Other Asia,Other Asia,Other Asia Pacific,Maldives,NonOECD,132,Maldives,Islands,Other Asia,Other Asia/Pacific,,MV,,,
mex,1,Mexico,Latin America,Mexico,Mexico,OECD,138,Mexico,Latin America,Central and South America,Latin America,,MX,Mexico,,
mhl,1,Other Asia,Other Asia,Other Asia Pacific,Marshall Islands,NonOECD,,,Islands,Other Asia,Other Asia/Pacific,,,,,
mkd,1,Former Yugoslav Republic of Macedonia,Central European countries,Other Europe & Eurasia,Macedonia,NonOECD,154,Former Yugoslav Republic of Macedonia,Eastern Europe,Eastern Europe,Europe,MK,MK,,,
mkd,1,Former Yugoslavia (if no detail),Central European countries,Other Europe & Eurasia,Macedonia,NonOECD,154,Macedonia,Eastern Europe,Eastern Europe,Europe,,MK,,,
mli,1,Other Africa,Africa,Other Africa,Mali,NonOECD,133,Mali,Africa,Africa,Africa,,ML,,,
mlt,1,Malta,Western Europe,Other Europe & Eurasia,Malta,NonOECD,134,Malta,Western Europe,Western Europe,Europe,MT,MT,,high-income,
mmr,1,Myanmar,Other Asia,Other Asia Pacific,Myanmar (Burma),NonOECD,28,Myanmar (Burma),Asia,South East Asia and Aust/NZ,Other Asia/Pacific,,MM,,,
mne,1,Montenegro,Central European countries,Other Europe & Eurasia,Montenegro,NonOECD,273,Montenegro,Western Europe,Other Asia,Other Asia/Pacific,ME,ME,,,
mne,1,Former Yugoslavia (if no detail),Central European countries,Other Europe & Eurasia,Montenegro,NonOECD,273,Montenegro,Western Europe,Other Asia,Other Asia/Pacific,ME,ME,,,
mng,1,Mongolia,China,Other Asia Pacific,Mongolia,NonOECD,141,Mongolia,Asia,Other Asia,Other Asia/Pacific,,MN,,,
moz,1,Mozambique,Africa,Other Africa,Mozambique,NonOECD,144,Mozambique,Africa,Africa,Africa,,MZ,,,
mrt,1,Other Africa,Africa,Other Africa,Mauritania,NonOECD,136,Mauritania,Africa,Africa,Africa,,MR,,,
msr,1,Other Non-OECD Americas,Latin America,Other S. & Cent. America,Montserrat,NonOECD,0,Montserrat,Latin America,Central and South America,Latin America,,MS,,,
mtq,1,Other Non-OECD Americas,Latin America,Other S. & Cent. America,Martinique,NonOECD,,,Islands,Central and South America,Latin America,,,,,
mus,1,Mauritius,Africa,Other Africa,Mauritius,NonOECD,137,Mauritius,Africa,Africa,Africa,,MU,,,
mwi,1,Other Africa,Africa,Other Africa,Malawi,NonOECD,130,Malawi,Africa,Africa,Africa,,MW,,,
mys,1,Malaysia,Other Asia,Malaysia,Malaysia,NonOECD,131,Malaysia,Asia,South East Asia and Aust/NZ,Other Asia/Pacific,,MY,Malaysia,,
nam,1,Namibia,Africa,Other Africa,Namibia,NonOECD,147,Namibia,Africa,Africa,Africa,,NA,,,
ncl,1,Other Asia,Other Asia,Other Asia Pacific,New Caledonia,NonOECD,153,New Caledonia,Asia,Other Asia,Other Asia/Pacific,,NC,,high-income,
ner,1,Niger,Africa,Other Africa,Niger,NonOECD,158,Niger,Africa,Africa,Africa,,NE,,,
nga,1,Nigeria,Africa,Other Africa,Nigeria,NonOECD,159,Nigeria,Africa,Africa,Africa,,NG,Nigeria,,
nic,1,Nicaragua,Latin America,Other S. & Cent. America,Nicaragua,NonOECD,157,Nicaragua,Latin America,Central and South America,Latin America,,NI,,,
niu,1,Other Asia,Other Asia,Other Asia Pacific,Niue,NonOECD,,,Islands,Other Asia,Other Asia/Pacific,,,,,
nld,1,Netherlands,Western Europe,Netherlands,Netherlands,OECD,150,Netherlands,Western Europe,Western Europe,Europe,NL,NL,,high-income,
nor,1,Norway,Western Europe,Norway,Norway,OECD,162,Norway,Western Europe,Western Europe,Europe,NO,NO,Norway,high-income,
npl,1,Nepal,Other Asia,Other Asia Pacific,Nepal,NonOECD,149,Nepal,Asia,Other Asia,Other Asia/Pacific,,NP,,,
nzl,1,New Zealand,Oceania,New Zealand,New Zealand,OECD,156,New Zealand,Asia,South East Asia and Aust/NZ,Other Asia/Pacific,,NZ,,high-income,
omn,1,Oman,Middle East,Other Middle East,Oman,NonOECD,221,Oman,Middle East,Middle East,Other Asia/Pacific,,OM,Oman,high-income,
pak,1,Pakistan,Other Asia,Pakistan,Pakistan,NonOECD,165,Pakistan,Asia,Other Asia,Other Asia/Pacific,,PK,,,
pan,1,Panama,Latin America,Other S. & Cent. America,Panama,NonOECD,166,Panama,Latin America,Central and South America,Latin America,,PA,,,
per,1,Peru,Latin America,Peru,Peru,NonOECD,170,Peru,Latin America,Central and South America,Latin America,,PE,Peru,,
phl,1,Philippines,Other Asia,Philippines,Philippines,NonOECD,171,Philippines,Asia,South East Asia and Aust/NZ,Other Asia/Pacific,,PH,,,
plw,1,Other Asia,Other Asia,Other Asia Pacific,Palau,NonOECD,180,Palau,Asia,Other Asia,Other Asia/Pacific,,PW,,,
png,1,Other Asia,Other Asia,Other Asia Pacific,Papua New Guinea,NonOECD,168,Papua New Guinea,Asia,Other Asia,Other Asia/Pacific,,PG,,,
pol,1,Poland,Central European countries,Poland,Poland,OECD,173,Poland,Eastern Europe,Eastern Europe,Europe,PL,PL,,high-income,
pri,1,Other Non-OECD Americas,Latin America,Other S. & Cent. America,Puerto Rico,NonOECD,177,Puerto Rico,OtherOECD90,North America,North America,,,,high-income,
prk,1,Dem. Peoples Rep. of Korea,China,Other Asia Pacific,Democratic Peoples Republic of Korea,OECD,116,Democratic Peoples Republic of Korea,Asia,Other Asia,Other Asia/Pacific,,KP,,,
prt,1,Portugal,Western Europe,Portugal,Portugal,OECD,174,Portugal,Western Europe,Western Europe,Europe,PT,PT,,high-income,
pry,1,Paraguay,Latin America,Other S. & Cent. America,Paraguay,NonOECD,169,Paraguay,Latin America,Central and South America,Latin America,,PY,,,
pse,1,,,,Palestine,NonOECD,299,,Middle East,Middle East,Other Asia/Pacific,,,,,
pyf,1,Other Asia,Other Asia,Other Asia Pacific,French Polynesia,NonOECD,,,Islands,Other Asia,Other Asia/Pacific,,,,high-income,
qat,1,Qatar,Middle East,Qatar,Qatar,NonOECD,179,Qatar,Middle East,Middle East,Other Asia/Pacific,,QA,Qatar,high-income,
reu,1,Other Africa,Africa,Other Africa,Reunion,NonOECD,182,Reunion,Africa,Africa,Africa,,RE,,,
rou,1,Romania,Central European countries,Romania,Romania,NonOECD,183,Romania,Eastern Europe,Eastern Europe,Europe,RO,RO,Romania,,
rus,1,Russian Federation,CIS,Russian Federation,Russia,NonOECD,185,Russia,FSU,FSU,Former Soviet Union,RU,RU,Russian Federation,,
rus,1,Former Soviet Union (if no detail),CIS,Other Europe & Eurasia,Russia,NonOECD,185,Russia,FSU,FSU,Former Soviet Union,,RU,,,
rwa,1,Other Africa,Africa,Other Africa,Rwanda,NonOECD,184,Rwanda,Africa,Africa,Africa,,RW,,,
sau,1,Saudi Arabia,Middle East,Saudi Arabia,Saudi Arabia,NonOECD,194,Saudi Arabia,Middle East,Middle East,Other Asia/Pacific,,SA,Saudi Arabia,high-income,
scg,0,Serbia and Montenegro,Central European countries,Other Europe & Eurasia,Serbia and Montenegro,NonOECD,186,Serbia and Montenegro,Eastern Europe,Eastern Europe,Europe,CS,,,,historical
sdn,1,Sudan,Africa,Other Africa,Sudan,NonOECD,206,Sudan,Africa,Africa,Africa,,SD,Sudan,,
sen,1,Senegal,Africa,Other Africa,Senegal,NonOECD,195,Senegal,Africa,Africa,Africa,,SN,,,
sgp,1,Singapore,Other Asia,Singapore,Singapore,NonOECD,200,Singapore,Asia,South East Asia and Aust/NZ,Other Asia/Pacific,,SG,,high-income,
slb,1,Other Asia,Other Asia,Other Asia Pacific,Soloman Islands,NonOECD,25,Soloman Islands,Asia,Other Asia,Other Asia/Pacific,,SB,,,
sle,1,Other Africa,Africa,Other Africa,Sierra Leone,NonOECD,197,Sierra Leone,Africa,Africa,Africa,,SL,,,
slv,1,El Salvador,Latin America,Other S. & Cent. America,El Salvador,NonOECD,60,El Salvador,Latin America,Central and South America,Latin America,,SV,,,
som,1,Other Africa,Africa,Other Africa,Somalia,NonOECD,201,Somalia,Africa,Africa,Africa,,SO,,,
spm,1,Other Non-OECD Americas,Latin America,Other S. & Cent. America,Saint Pierre and Miquelon,NonOECD,,,Islands,Central and South America,Latin America,,,,,
srb,1,Serbia,Central European countries,Other Europe & Eurasia,Serbia,NonOECD,272,Serbia,Eastern Europe,Eastern Europe,Europe,RS,RS,,,
srb,1,Former Yugoslavia (if no detail),Central European countries,Other Europe & Eurasia,Serbia,NonOECD,272,Serbia,Eastern Europe,Eastern Europe,Europe,RS,RS,,,
srb (kosovo),0,Kosovo,Central European countries,Other Europe & Eurasia,Kosovo,NonOECD,0,Kosovo,Eastern Europe,Eastern Europe,Europe,,,,,
srb (kosovo),0,Former Yugoslavia (if no detail),Central European countries,Other Europe & Eurasia,Kosovo,NonOECD,0,Kosovo,Eastern Europe,Eastern Europe,Europe,,,,,
ssd,1,South Sudan,,Other Africa,South Sudan,NonOECD,277,,Africa,Africa,Africa,,,South Sudan,,
stp,1,Other Africa,Africa,Other Africa,Sao Tome and Principe,NonOECD,193,Sao Tome and Principe,Africa,Africa,Africa,,ST,,,
sur,1,Other Non-OECD Americas,Latin America,Other S. & Cent. America,Suriname,NonOECD,207,Suriname,Latin America,Central and South America,Latin America,,SR,,,
svk,1,Slovak Republic,Central European countries,Slovakia,Slovakia,OECD,199,Slovakia,Eastern Europe,Eastern Europe,Europe,SK,SK,,high-income,
svn,1,Slovenia,Central European countries,Other Europe & Eurasia,Slovenia,OECD,198,Slovenia,Eastern Europe,Eastern Europe,Europe,SI,SI,,high-income,
svn,1,Former Yugoslavia (if no detail),Central European countries,Other Europe & Eurasia,Slovenia,OECD,198,Slovenia,Eastern Europe,Eastern Europe,Europe,SI,SI,,high-income,
swe,1,Sweden,Western Europe,Sweden,Sweden,OECD,210,Sweden,Western Europe,Western Europe,Europe,SE,SE,,high-income,
swz,1,Other Africa,Africa,Other Africa,Swaziland,NonOECD,209,Swaziland,Africa,Africa,Africa,,SZ,,,
sxm,1,Other Non-OECD Americas,Latin America,Other S. & Cent. America,Sint Maarten,NonOECD,0,,Latin America,Central and South America,Latin America,,,,high-income,separated from Netherlands Antilles in 2010
syc,1,Other Africa,Africa,Other Africa,Seychelles,NonOECD,196,Seychelles,Africa,Africa,Africa,,SC,,high-income,
syr,1,Syrian Arab Republic,Middle East,Other Middle East,Syria,NonOECD,212,Syria,Middle East,Middle East,Other Asia/Pacific,,SY,Syria,,
tca,1,Other Non-OECD Americas,Latin America,Other S. & Cent. America,Turks and Caicos Islands,NonOECD,0,Turks and Caicos Islands,Latin America,Central and South America,Latin America,,TC,,high-income,
tcd,1,Other Africa,Africa,Other Africa,Chad,NonOECD,39,Chad,Africa,Africa,Africa,,TD,Chad,,
tgo,1,Togo,Africa,Other Africa,Togo,NonOECD,217,Togo,Africa,Africa,Africa,,TG,,,
tha,1,Thailand,Other Asia,Thailand,Thailand,NonOECD,216,Thailand,Asia,South East Asia and Aust/NZ,Other Asia/Pacific,,TH,Thailand,,
tjk,1,Tajikistan,CIS,Other Europe & Eurasia,Tajikistan,NonOECD,208,Tajikistan,FSU,FSU,Former Soviet Union,TJ,TJ,,,
tjk,1,Former Soviet Union (if no detail),CIS,Other Europe & Eurasia,Tajikistan,NonOECD,208,Tajikistan,FSU,FSU,Former Soviet Union,TJ,TJ,,,
tkl,1,Other Asia,Other Asia,Other Asia Pacific,Tokelau,NonOECD,,,Islands,Other Asia,Other Asia/Pacific,,,,,
tkm,1,Turkmenistan,CIS,Turkmenistan,Turkmenistan,NonOECD,213,Turkmenistan,FSU,FSU,Former Soviet Union,,TM,Turkmenistan,,
tkm,1,Former Soviet Union (if no detail),CIS,Other Europe & Eurasia,Turkmenistan,NonOECD,213,Turkmenistan,FSU,FSU,Former Soviet Union,,TM,,,
tls,1,Other Asia,Other Asia,Other Asia Pacific,Timor-Leste,NonOECD,176,Timor-Leste,Asia,Other Asia,Other Asia/Pacific,,TL,,,
ton,1,Other Asia,Other Asia,Other Asia Pacific,Tongo,NonOECD,219,Tongo,Asia,Other Asia,Other Asia/Pacific,,TO,,,
tto,1,Trinidad and Tobago,Latin America,Trinidad & Tobago,Trinidad and Tobago,NonOECD,220,Trinidad and Tobago,Latin America,Central and South America,Latin America,,TT,Trinidad & Tobago,high-income,
tun,1,Tunisia,Africa,Other Africa,Tunisia,NonOECD,222,Tunisia,Africa,Africa,Africa,,TN,Tunisia,,
tur,1,Turkey,Western Europe,Turkey,Turkey,OECD,223,Turkey,Western Europe,Western Europe,Europe,TR,TR,,,
twn,1,Chinese Taipei,Other Asia,Taiwan,Chinese Taipei,NonOECD,214,Chinese Taipei,Asia,Other Asia,Other Asia/Pacific,,TW,,,
tza,1,Tanzania,Africa,Other Africa,Tanzania,NonOECD,215,Tanzania,Africa,Africa,Africa,,TZ,,,
tza,1,United Republic of Tanzania,Africa,Other Africa,Tanzania,NonOECD,215,Tanzania,Africa,Africa,Africa,,TZ,,,
uga,1,Other Africa,Africa,Other Africa,Uganda,NonOECD,226,Uganda,Africa,Africa,Africa,,UG,,,
ukr,1,Ukraine,CIS,Ukraine,Ukraine,NonOECD,230,Ukraine,FSU,FSU,Former Soviet Union,UA,UA,,,
ukr,1,Former Soviet Union (if no detail),CIS,Other Europe & Eurasia,Ukraine,NonOECD,230,Ukraine,FSU,FSU,Former Soviet Union,UA,UA,,,
ury,1,Uruguay,Latin America,Other S. & Cent. America,Uruguay,NonOECD,234,Uruguay,Latin America,Central and South America,Latin America,,UY,,high-income,
usa,1,United States,North America,US,United States,OECD,231,United States of America,OtherOECD90,North America,North America,US,US,US,high-income,
ussr,0,,,                 Former Soviet Union,Soviet Union,NonOECD,228,,FSU,FSU,Former Soviet Union,,,Former Soviet Union,,historical
uzb,1,Uzbekistan,CIS,Uzbekistan,Uzbekistan,NonOECD,235,Uzbekistan,FSU,FSU,Former Soviet Union,,UZ,Uzbekistan,,
uzb,1,Former Soviet Union (if no detail),CIS,Other Europe & Eurasia,Uzbekistan,NonOECD,235,Uzbekistan,FSU,FSU,Former Soviet Union,,UZ,,,
vct,1,Other Non-OECD Americas,Latin America,Other S. & Cent. America,Saint Vincent And Grenadines,NonOECD,191,Saint Vincent And Grenadines,Latin America,Central and South America,Latin America,,VC,,,
ven,1,Venezuela,Latin America,Venezuela,Venezuela,NonOECD,236,Venezuela,Latin America,Central and South America,Latin America,,VE,Venezuela,,
vgb,1,Other Non-OECD Americas,Latin America,Other S. & Cent. America,British Virgin Islands,NonOECD,0,British Virgin Islands,Latin America,Central and South America,Latin America,,VG,,high-income,
vir,1,Other Non-OECD Americas,Latin America,Other S. & Cent. America,United States Virgin Islands,NonOECD,,,Islands,Central and South America,Latin America,,,,high-income,
vnm,1,Viet Nam,China,Vietnam,Vietnam,NonOECD,237,Vietnam,Asia,South East Asia and Aust/NZ,Other Asia/Pacific,,VN,,,
vnm,1,Vietnam,China,Vietnam,Vietnam,NonOECD,237,Vietnam,Asia,South East Asia and Aust/NZ,Other Asia/Pacific,,VN,Vietnam,,
vut,1,Other Asia,Other Asia,Other Asia Pacific,Vanuatu,NonOECD,155,Vanuatu,Asia,Other Asia,Other Asia/Pacific,,VU,,,
wlf,1,Other Asia,Other Asia,Other Asia Pacific,Wallis and Futuna Islands,NonOECD,,,Islands,Other Asia,Other Asia/Pacific,,,,,
wsm,1,Other Asia,Other Asia,Other Asia Pacific,Samoa,NonOECD,244,Samoa,Asia,Other Asia,Other Asia/Pacific,,WS,,,
yem,1,Yemen,Middle East,Other Middle East,Yemen,NonOECD,249,Yemen,Middle East,Middle East,Other Asia/Pacific,,YE,Yemen,,
yug,0,,,,Yugoslavia,NonOECD,248,,Other Asia,Other Asia,Other Asia/Pacific,,,,,historical
zaf,1,South Africa,Africa,South Africa,South Africa,NonOECD,202,South Africa,Africa,Africa,Africa,,ZA,,,
zmb,1,Zambia,Africa,Other Africa,Zambia,NonOECD,251,Zambia,Africa,Africa,Africa,,ZM,,,
zwe,1,Zimbabwe,Africa,Other Africa,Zimbabwe,NonOECD,181,Zimbabwe,Africa,Africa,Africa,,ZW,,,