"iso","sector","fuel","units","X1850","X1851","X1852","X1853","X1854","X1855","X1856","X1857","X1858","X1859","X1860","X1861","X1862","X1863","X1864","X1865","X1866","X1867","X1868","X1869","X1870","X1871","X1872","X1873","X1874","X1875","X1876","X1877","X1878","X1879","X1880","X1881","X1882","X1883","X1884","X1885","X1886","X1887","X1888","X1889","X1890","X1891","X1892","X1893","X1894","X1895","X1896","X1897","X1898","X1899","X1900","X1901","X1902","X1903","X1904","X1905","X1906","X1907","X1908","X1909","X1910","X1911","X1912","X1913","X1914","X1915","X1916","X1917","X1918","X1919","X1920","X1921","X1922","X1923","X1924","X1925","X1926","X1927","X1928","X1929","X1930","X1931","X1932","X1933","X1934","X1935","X1936","X1937","X1938","X1939","X1940","X1941","X1942","X1943","X1944","X1945","X1946","X1947","X1948","X1949","X1950","X1951","X1952","X1953","X1954","X1955","X1956","X1957","X1958","X1959","X1960","X1961","X1962","X1963","X1964","X1965","X1966","X1967","X1968","X1969","X1970","X1971","X1972","X1973","X1974","X1975","X1976","X1977","X1978","X1979","X1980","X1981","X1982","X1983","X1984","X1985","X1986","X1987","X1988","X1989","X1990","X1991","X1992","X1993","X1994","X1995","X1996","X1997","X1998","X1999","X2000","X2001","X2002","X2003","X2004","X2005","X2006","X2007","X2008","X2009","X2010","X2011","X2012","X2013","X2014"
"mng","1A1bc_Other-transformation","process","kt","0","0","0","0","0","0","0","0","0","0","0","0","0","0","0","0","0","0","0","0","0","0","0","0","0","0","0","0","0","0","0","0","0","0","0","0","0","0","0","0","0","0","0","0","0","0","0","0","0","0","0","0","0","0","0","0","0","0","0","0","0","0","0","0","0","0","0","0","0","0","0","0","0","0","0","0","0","0","0","0","0","0","0","0","0","0","0","0","0","0","0","0","0","0","0","0","0","0","0","0","0","0","0","0","0","0","0","0","0","0","0","0","0","0","0","0","0","0","0","0","0","0","0","0","0","0","0","0","0","0","0","0","0","0","0","0","0","0","0","0","0","0","0","0","0","0","0","0","0","0","0","0","0","0","0","0","0","0","0","0","0.265","0.265","0.265","0.265","0.265"
"tza","1A1bc_Other-transformation","process","kt","0","0","0","0","0","0","0","0","0","0","0","0","0","0","0","0","0","0","0","0","0","0","0","0","0","0","0","0","0","0","0","0","0","0","0","0","0","0","0","0","0","0","0","0","0","0","0","0","0","0","0","0","0","0","0","0","0","0","0","0","0","0","0","0","0","0","0","0","0","0","0","0","0","0","0","0","0","0","0","0","0","0","0","0","0","0","0","0","0","0","0","0","0","0","0","0","0","0","0","0","0","0","0","0","0","0","0","0","0","0","0","0","0","0","0","0","0","0","0","0","0","0","0","0","0","0","0","0","0","0","0","0","0","0","0","0.002","0","0","0","0","0","0","0","0","0","0","0","0","0","0","0","0","0","0","0","0","0","0","0","0","0","0","0","0","0"
"zmb","1A1bc_Other-transformation","process","kt","0","0","0","0","0","0","0","0","0","0","0","0","0","0","0","0","0","0","0","0","0","0","0","0","0","0","0","0","0","0","0","0","0","0","0","0","0","0","0","0","0","0","0","0","0","0","0","0","0","0","0","0","0","0","0","0","0","0","0","0","0","0","0","0","0","0","0","0","0","0","0","0","0","0","0","0","0","0","0","0","0","0","0","0","0","0","0","0","0","0","0","0","0","0","0","0","0","0","0","0","0","0","0","0","0","0","0","0","0","0","0","0","0","0","0","0","0","0","0","0","0","0","0","0","0","0.03","0","0","0","0","0","0","0","0","0","0","0","0","0","0","0","0","0","0","0","0","0","0","0","0","0","0","0","0","0","0","0","0","0","0","0","0","0","0","0"
"alb","1A1bc_Other-transformation","process","kt","0","0","0","0","0","0","0","0","0","0","0","0","0","0","0","0","0","0","0","0","0","0","0","0","0","0","0","0","0","0","0","0","0","0","0","0","0","0","0","0","0","0","0","0","0","0","0","0","0","0","0","0","0","0","0","0","0","0","0","0","0","0","0","0","0","0","0","0","0","0","0","0","0","0","0","0","0","0","0","0","0","0","0","0","0","0","0","0","0","0","0","0","0","0","0","0","0","0","0","0","0","0","0","0","0","0","0","0","0","0","0","0","0","0","0","0","0","0","0","0","0","0","0","0","0","0","0","0","0","0","0.005","0.0054","0.0058","0.0062","0.0066","0.007","0.0082","0.0094","0.0106","0.0118","0.013","0","0","0","0","0","0","0","0","0","0","0","0","0","0","0","0","0","0","0","0","0","0","0","0"
"arg","1A1bc_Other-transformation","process","kt","0","0","0","0","0","0","0","0","0","0","0","0","0","0","0","0","0","0","0","0","0","0","0","0","0","0","0","0","0","0","0","0","0","0","0","0","0","0","0","0","0","0","0","0","0","0","0","0","0","0","0","0","0","0","0","0","0","0","0","0","0","0","0","0","0","0","0","0","0","0","0","0","0","0","0","0","0","0","0","0","0","0","0","0","0","0","0","0","0","0","0","0","0","0","0","0.021","0.042","0.063","0.084","0.105","0.126","0.237","0.348","0.459","0.57","0.681","0.644","0.607","0.57","0.533","0.496","0.5526","0.6092","0.6658","0.7224","0.779","0.7168","0.6546","0.5924","0.5302","0.468","0.467","0.466","0.465","0.464","0.463","0.4338","0.4046","0.3754","0.3462","0.317","0.3168","0.3166","0.3164","0.3162","0.316","0.3376","0.3592","0.3808","0.4024","0.424","0.3838","0.3436","0.3034","0.2632","0.223","0.2206","0.2182","0.2158","0.2134","0.211","0.2286","0.2462","0.2638","0.2814","0.299","0.2914","0.2838","0.2762","0.2686","0.261","0.261","0.261","0.261","0.261"
"aus","1A1bc_Other-transformation","process","kt","0","0","0","0","0","0","0","0","0","0","0","0","0","0","0","0","0","0","0","0","0","0","0","0","0","0","0","0","0","0","0","0","0","0","0","0","0","0","0","0","0","0","0","0","0","0","0","0","0","0","0","0","0","0","0","0","0","0","0","0","0.158","0.2118","0.2656","0.3194","0.3732","0.427","0.4854","0.5438","0.6022","0.6606","0.719","0.7038","0.6886","0.6734","0.6582","0.643","0.578","0.513","0.448","0.383","0.318","0.3592","0.4004","0.4416","0.4828","0.524","0.5598","0.5956","0.6314","0.6672","0.703","0.6706","0.6382","0.6058","0.5734","0.541","0.529","0.517","0.505","0.493","0.481","0.5376","0.5942","0.6508","0.7074","0.764","0.786","0.808","0.83","0.852","0.874","0.9138","0.9536","0.9934","1.0332","1.073","1.1914","1.3098","1.4282","1.5466","1.665","1.7506","1.8362","1.9218","2.0074","2.093","1.9678","1.8426","1.7174","1.5922","1.467","1.4014","1.3358","1.2702","1.2046","1.139","1.158","1.177","1.196","1.215","1.234","1.2316","1.2292","1.2268","1.2244","1.222","1.1774","1.1328","1.0882","1.0436","0.999","0.9848","0.9706","0.9564","0.9422","0.928","0.915","0.902","0.889","0.876","0.863","0.863","0.863","0.863","0.863"
"aut","1A1bc_Other-transformation","process","kt","0","0","0","0","0","0","0","0","0","0","0","0","0","0","0","0","0","0","0","0","0","0","0","0","0","0","0","0","0","0","0","0","0","0","0","0","0","0","0","0","0","0","0","0","0","0","0","0","0","0","0","0","0","0","0","0","0","0","0","0","0","0","0","0","0","0","0","0","0","0","0.205","0.2736","0.3422","0.4108","0.4794","0.548","0.4988","0.4496","0.4004","0.3512","0.302","0.27","0.238","0.206","0.174","0.142","0.1297","0.1174","0.1051","0.0928","0.0805","0.0682","0.0559","0.0436","0.0313","0.019","0.1438","0.2686","0.3934","0.5182","0.643","0.667","0.691","0.715","0.739","0.763","0.7434","0.7238","0.7042","0.6846","0.665","0.647","0.629","0.611","0.593","0.575","0.5632","0.5514","0.5396","0.5278","0.516","0.5038","0.4916","0.4794","0.4672","0.455","0.4626","0.4702","0.4778","0.4854","0.493","0.4938","0.4946","0.4954","0.4962","0.497","0.4948","0.4926","0.4904","0.4882","0.486","0.4682","0.4504","0.4326","0.4148","0.397","0.3958","0.3946","0.3934","0.3922","0.391","0.3918","0.3926","0.3934","0.3942","0.395","0.3982","0.4014","0.4046","0.4078","0.411","0.411","0.411","0.411","0.411"
"bel","1A1bc_Other-transformation","process","kt","2.42","2.823","3.226","3.629","4.032","4.435","4.4222","4.4094","4.3966","4.3838","4.371","4.666","4.961","5.256","5.551","5.846","5.9594","6.0728","6.1862","6.2996","6.413","6.1762","5.9394","5.7026","5.4658","5.229","5.1842","5.1394","5.0946","5.0498","5.005","5.1154","5.2258","5.3362","5.4466","5.557","5.6172","5.6774","5.7376","5.7978","5.858","5.8208","5.7836","5.7464","5.7092","5.672","5.7752","5.8784","5.9816","6.0848","6.188","6.2472","6.3064","6.3656","6.4248","6.484","6.612","6.74","6.868","6.996","7.124","5.7382","4.3524","2.9666","1.5808","0.195","0.6146","1.0342","1.4538","1.8734","2.293","2.568","2.843","3.118","3.393","3.668","3.6182","3.5684","3.5186","3.4688","3.419","3.1822","2.9454","2.7086","2.4718","2.235","1.9924","1.7498","1.5072","1.2646","1.022","0.8876","0.7532","0.6188","0.4844","0.35","0.5838","0.8176","1.0514","1.2852","1.519","1.6328","1.7466","1.8604","1.9742","2.088","2.1312","2.1744","2.2176","2.2608","2.304","2.3122","2.3204","2.3286","2.3368","2.345","2.2904","2.2358","2.1812","2.1266","2.072","1.9656","1.8592","1.7528","1.6464","1.54","1.5628","1.5856","1.6084","1.6312","1.654","1.6468","1.6396","1.6324","1.6252","1.618","1.5922","1.5664","1.5406","1.5148","1.489","1.3876","1.2862","1.1848","1.0834","0.982","0.946","0.91","0.874","0.838","0.802","0.782","0.762","0.742","0.722","0.702","0.6696","0.6372","0.6048","0.5724","0.54","0.54","0.54","0.54","0.54"
"bgr","1A1bc_Other-transformation","process","kt","0","0","0","0","0","0","0","0","0","0","0","0","0","0","0","0","0","0","0","0","0","0","0","0","0","0","0","0","0","0","0","0","0","0","0","0","0","0","0","0","0","0","0","0","0","0","0","0","0","0","0","0","0","0","0","0","0","0","0","0","0","0","0","0","0","0","0","0","0","0","0","0","0","0","0","0","0","0","0","0","0","0","0","0","0","0","0","0","0","0","0","0","0","0","0","0","0","0","0","0","0","0","0","0","0","0","0","0","0","0","0","0","0","0","0","0.161","0.1752","0.1894","0.2036","0.2178","0.232","0.2612","0.2904","0.3196","0.3488","0.378","0.3826","0.3872","0.3918","0.3964","0.401","0.3854","0.3698","0.3542","0.3386","0.323","0.3356","0.3482","0.3608","0.3734","0.386","0.3792","0.3724","0.3656","0.3588","0.352","0.3368","0.3216","0.3064","0.2912","0.276","0.2646","0.2532","0.2418","0.2304","0.219","0","0","0","0","0","0","0","0","0"
"bih","1A1bc_Other-transformation","process","kt","0","0","0","0","0","0","0","0","0","0","0","0","0","0","0","0","0","0","0","0","0","0","0","0","0","0","0","0","0","0","0","0","0","0","0","0","0","0","0","0","0","0","0","0","0","0","0","0","0","0","0","0","0","0","0","0","0","0","0","0","0","0","0","0","0","0","0","0","0","0","0","0","0","0","0","0","0","0","0","0","0","0","0","0","0","0","0","0","0","0","0","0","0","0","0","0","0","0","0","0","0","0","0","0","0","0","0","0","0","0","0","0","0","0","0","0","0","0","0","0","0","0","0","0","0","0","0","0","0","0","0","0","0","0","0","0","0","0","0","0","0","0","0","0","0","0","0","0","0","0","0","0","0","0","0","0.123","0.1494","0.1758","0.2022","0.2286","0.255","0.255","0.255","0.255","0.255"
"bra","1A1bc_Other-transformation","process","kt","0","0","0","0","0","0","0","0","0","0","0","0","0","0","0","0","0","0","0","0","0","0","0","0","0","0","0","0","0","0","0","0","0","0","0","0","0","0","0","0","0","0","0","0","0","0","0","0","0","0","0","0","0","0","0","0","0","0","0","0","0","0","0","0","0","0","0","0","0","0","0","0","0","0","0","0.205","0.2116","0.2182","0.2248","0.2314","0.238","0.2774","0.3168","0.3562","0.3956","0.435","0.6014","0.7678","0.9342","1.1006","1.267","1.3692","1.4714","1.5736","1.6758","1.778","1.6266","1.4752","1.3238","1.1724","1.021","1.0948","1.1686","1.2424","1.3162","1.39","1.4284","1.4668","1.5052","1.5436","1.582","1.634","1.686","1.738","1.79","1.842","1.768","1.694","1.62","1.546","1.472","1.452","1.432","1.412","1.392","1.372","1.5488","1.7256","1.9024","2.0792","2.256","2.5288","2.8016","3.0744","3.3472","3.62","3.6746","3.7292","3.7838","3.8384","3.893","3.9458","3.9986","4.0514","4.1042","4.157","4.072","3.987","3.902","3.817","3.732","3.7214","3.7108","3.7002","3.6896","3.679","3.7722","3.8654","3.9586","4.0518","4.145","4.145","4.145","4.145","4.145"
"can","1A1bc_Other-transformation","process","kt","0","0","0","0","0","0","0","0","0","0","0","0","0","0","0","0","0","0","0","0","0","0","0","0","0","0","0","0","0","0","0","0","0","0","0","0","0","0","0","0","0.15","0.1776","0.2052","0.2328","0.2604","0.288","0.3636","0.4392","0.5148","0.5904","0.666","1.2188","1.7716","2.3244","2.8772","3.43","3.659","3.888","4.117","4.346","4.575","4.4432","4.3114","4.1796","4.0478","3.916","3.754","3.592","3.43","3.268","3.106","2.7004","2.2948","1.8892","1.4836","1.078","1.0258","0.9736","0.9214","0.8692","0.817","0.734","0.651","0.568","0.485","0.402","0.4404","0.4788","0.5172","0.5556","0.594","0.6164","0.6388","0.6612","0.6836","0.706","0.7632","0.8204","0.8776","0.9348","0.992","0.972","0.952","0.932","0.912","0.892","0.958","1.024","1.09","1.156","1.222","1.255","1.288","1.321","1.354","1.387","1.414","1.441","1.468","1.495","1.522","1.5272","1.5324","1.5376","1.5428","1.548","1.5424","1.5368","1.5312","1.5256","1.52","1.4796","1.4392","1.3988","1.3584","1.318","1.2624","1.2068","1.1512","1.0956","1.04","1.007","0.974","0.941","0.908","0.875","0.8762","0.8774","0.8786","0.8798","0.881","0.8832","0.8854","0.8876","0.8898","0.892","0.8748","0.8576","0.8404","0.8232","0.806","0.806","0.806","0.806","0.806"
"che","1A1bc_Other-transformation","process","kt","0","0","0","0","0","0","0","0","0","0","0","0","0","0","0","0","0","0","0","0","0","0","0","0","0","0","0","0","0","0","0","0","0","0","0","0","0","0","0","0","0","0","0","0","0","0","0","0","0","0","0","0","0","0","0","0","0","0","0","0","0","0","0","0","0","0","0","0","0","0","0","0","0","0","0","0","0","0","0","0","0","0","0","0","0","0","0","0","0","0","0.003","0.026","0.049","0.072","0.095","0.118","0.141","0.164","0.187","0.21","0.233","0.235","0.237","0.239","0.241","0.243","0.2338","0.2246","0.2154","0.2062","0.197","0.191","0.185","0.179","0.173","0.167","0.1398","0.1126","0.0854","0.0582","0.031","0","0","0","0","0","0","0","0","0","0","0","0","0","0","0","0","0","0","0","0","0","0","0","0","0","0","0","0","0","0","0","0","0","0","0","0","0","0","0","0","0","0","0","0"
"chl","1A1bc_Other-transformation","process","kt","0","0","0","0","0","0","0","0","0","0","0","0","0","0","0","0","0","0","0","0","0","0","0","0","0","0","0","0","0","0","0","0","0","0","0","0","0","0","0","0","0","0","0","0","0","0","0","0","0","0","0","0","0","0","0","0","0","0","0","0","0","0","0","0","0","0","0","0","0","0","0","0","0","0","0","0","0","0","0","0","0","0","0","0","0","0","0","0","0","0","0.048","0.0576","0.0672","0.0768","0.0864","0.096","0.2286","0.3612","0.4938","0.6264","0.759","0.7428","0.7266","0.7104","0.6942","0.678","0.6438","0.6096","0.5754","0.5412","0.507","0.4668","0.4266","0.3864","0.3462","0.306","0.296","0.286","0.276","0.266","0.256","0.2428","0.2296","0.2164","0.2032","0.19","0.188","0.186","0.184","0.182","0.18","0.1766","0.1732","0.1698","0.1664","0.163","0.1676","0.1722","0.1768","0.1814","0.186","0.203","0.22","0.237","0.254","0.271","0.2708","0.2706","0.2704","0.2702","0.27","0.2692","0.2684","0.2676","0.2668","0.266","0.2514","0.2368","0.2222","0.2076","0.193","0.193","0.193","0.193","0.193"
"chn","1A1bc_Other-transformation","process","kt","0","0","0","0","0","0","0","0","0","0","0","0","0","0","0","0","0","0","0","0","0","0","0","0","0","0","0","0","0","0","0","0","0","0","0","0","0","0","0","0","0","0","0","0","0","0","0","0","0","0","0","0","0","0","0","0","0","0","0","0","0","0","0","0","0","3.6","3.2374","2.8748","2.5122","2.1496","1.787","1.6938","1.6006","1.5074","1.4142","1.321","1.569","1.817","2.065","2.313","2.561","2.9298","3.2986","3.6674","4.0362","4.405","5.0304","5.6558","6.2812","6.9066","7.532","6.317","5.102","3.887","2.672","1.457","1.3456","1.2342","1.1228","1.0114","0.9","2.3994","3.8988","5.3982","6.8976","8.397","27.3102","46.2234","65.1366","84.0498","102.963","85.6632","68.3634","51.0636","33.7638","16.464","17.8558","19.2476","20.6394","22.0312","23.423","28.1324","32.8418","37.5512","42.2606","46.97","51.3416","55.7132","60.0848","64.4564","68.828","68.1382","67.4484","66.7586","66.0688","65.379","80.3592","95.3394","110.3196","125.2998","140.28","181.2342","222.1884","263.1426","304.0968","345.051","353.4566","361.8622","370.2678","378.6734","387.079","459.0796","531.0802","603.0808","675.0814","747.082","807.1334","867.1848","927.2362","987.2876","1047.339","1047.339","1047.339","1047.339","1047.339"
"col","1A1bc_Other-transformation","process","kt","0","0","0","0","0","0","0","0","0","0","0","0","0","0","0","0","0","0","0","0","0","0","0","0","0","0","0","0","0","0","0","0","0","0","0","0","0","0","0","0","0","0","0","0","0","0","0","0","0","0","0","0","0","0","0","0","0","0","0","0","0","0","0","0","0","0","0","0","0","0","0","0","0","0","0","0","0","0","0","0","0","0","0","0","0","0","0","0","0","0","0","0","0","0","0","0","0","0","0","0","0.063","0.1854","0.3078","0.4302","0.5526","0.675","0.721","0.767","0.813","0.859","0.905","0.8586","0.8122","0.7658","0.7194","0.673","0.6182","0.5634","0.5086","0.4538","0.399","0.3688","0.3386","0.3084","0.2782","0.248","0.2552","0.2624","0.2696","0.2768","0.284","0.2842","0.2844","0.2846","0.2848","0.285","0.2866","0.2882","0.2898","0.2914","0.293","0.286","0.279","0.272","0.265","0.258","0.2508","0.2436","0.2364","0.2292","0.222","0.2166","0.2112","0.2058","0.2004","0.195","0.3044","0.4138","0.5232","0.6326","0.742","0.742","0.742","0.742","0.742"
"csk","1A1bc_Other-transformation","process","kt","0","0","0","0","0","0","0","0","0","0","0","0","0","0","0","0","0","0","0","0","0","0","0","0","0","0","0","0","0","0","0","0","0","0","0","0","0","0","0","0","0","0","0","0","0","0","0","0","0","0","0","0","0","0","0","0","0","0","0","0","0","0","0","0","0","0","0","0","0","0","1.514","1.5476","1.5812","1.6148","1.6484","1.682","1.6376","1.5932","1.5488","1.5044","1.46","1.2876","1.1152","0.9428","0.7704","0.598","0.6592","0.7204","0.7816","0.8428","0.904","0.7782","0.6524","0.5266","0.4008","0.275","0.494","0.713","0.932","1.151","1.37","1.457","1.544","1.631","1.718","1.805","1.8856","1.9662","2.0468","2.1274","2.208","2.2586","2.3092","2.3598","2.4104","2.461","2.5504","2.6398","2.7292","2.8186","2.908","2.9486","2.9892","3.0298","3.0704","3.111","0","0","0","0","0","0","0","0","0","0","0","0","0","0","0","0","0","0","0","0","0","0","0","0","0","0","0","0","0","0","0","0","0","0","0","0","0","0","0"
"cze","1A1bc_Other-transformation","process","kt","0","0","0","0","0","0","0","0","0","0","0","0","0","0","0","0","0","0","0","0","0","0","0","0","0","0","0","0","0","0","0","0","0","0","0","0","0","0","0","0","0","0","0","0","0","0","0","0","0","0","0","0","0","0","0","0","0","0","0","0","0","0","0","0","0","0","0","0","0","0","0","0","0","0","0","0","0","0","0","0","0","0","0","0","0","0","0","0","0","0","0","0","0","0","0","0","0","0","0","0","0","0","0","0","0","0","0","0","0","0","0","0","0","0","0","0","0","0","0","0","0","0","0","0","0","0","0","0","0","0","0","0","0","0","0","0","0","0","0","0","0","0","0","0","0","1.376","1.2904","1.2048","1.1192","1.0336","0.948","0.939","0.93","0.921","0.912","0.903","0.8572","0.8114","0.7656","0.7198","0.674","0.674","0.674","0.674","0.674"
"deu","1A1bc_Other-transformation","process","kt","3.504","4.0702","4.6364","5.2026","5.7688","6.335","6.513","6.691","6.869","7.047","7.225","8.2326","9.2402","10.2478","11.2554","12.263","12.6728","13.0826","13.4924","13.9022","14.312","14.8434","15.3748","15.9062","16.4376","16.969","17.6386","18.3082","18.9778","19.6474","20.317","21.3478","22.3786","23.4094","24.4402","25.471","26.4726","27.4742","28.4758","29.4774","30.479","30.9106","31.3422","31.7738","32.2054","32.637","35.2792","37.9214","40.5636","43.2058","45.848","46.0826","46.3172","46.5518","46.7864","47.021","47.704","48.387","49.07","49.753","50.436","46.19","41.944","37.698","33.452","29.206","26.2592","23.3124","20.3656","17.4188","14.472","14.5136","14.5552","14.5968","14.6384","14.68","13.7138","12.7476","11.7814","10.8152","9.849","9.774","9.699","9.624","9.549","9.474","9.1734","8.8728","8.5722","8.2716","7.971","7.9668","7.9626","7.9584","7.9542","7.95","7.9458","7.9416","7.9374","7.9332","7.929","8.6784","9.4278","10.1772","10.9266","11.676","11.6648","11.6536","11.6424","11.6312","11.62","11.5638","11.5076","11.4514","11.3952","11.339","11.3674","11.3958","11.4242","11.4526","11.481","11.1102","10.7394","10.3686","9.9978","9.627","0","0","0","0","0","0","0","0","0","0","0","0","0","0","0","0","0","0","0","0","0","0","0","0","0","0","0","0","0","0","0","0","0","0","0","0","0","0","0"
"dnk","1A1bc_Other-transformation","process","kt","0","0","0","0","0","0","0","0","0","0","0","0","0","0","0","0","0","0","0","0","0","0","0","0","0","0","0","0","0","0","0","0","0","0","0","0","0","0","0","0","0","0","0","0","0","0","0","0","0","0","0","0","0","0","0","0","0","0","0","0","0","0","0","0","0","0","0","0","0","0","0","0","0","0","0","0","0","0","0","0","0","0","0","0","0","0","0","0","0","0","0","0","0","0","0","0.006","0.1574","0.3088","0.4602","0.6116","0.763","0.7742","0.7854","0.7966","0.8078","0.819","0.7542","0.6894","0.6246","0.5598","0.495","0.4578","0.4206","0.3834","0.3462","0.309","0.2614","0.2138","0.1662","0.1186","0.071","0","0","0","0","0","0","0","0","0","0","0","0","0","0","0","0","0","0","0","0","0","0","0","0","0","0","0","0","0","0","0","0","0","0","0","0","0","0","0","0","0","0","0","0"
"dza","1A1bc_Other-transformation","process","kt","0","0","0","0","0","0","0","0","0","0","0","0","0","0","0","0","0","0","0","0","0","0","0","0","0","0","0","0","0","0","0","0","0","0","0","0","0","0","0","0","0","0","0","0","0","0","0","0","0","0","0","0","0","0","0","0","0","0","0","0","0","0","0","0","0","0","0","0","0","0","0","0","0","0","0","0","0","0","0","0","0","0","0","0","0","0","0","0","0","0","0","0","0","0","0","0","0","0","0","0","0","0","0","0","0","0","0","0","0","0","0","0","0","0","0","0","0","0","0","0","0.026","0.0248","0.0236","0.0224","0.0212","0.02","0.0234","0.0268","0.0302","0.0336","0.037","0.1232","0.2094","0.2956","0.3818","0.468","0.4504","0.4328","0.4152","0.3976","0.38","0.3518","0.3236","0.2954","0.2672","0.239","0.2434","0.2478","0.2522","0.2566","0.261","0.2708","0.2806","0.2904","0.3002","0.31","0","0","0","0","0","0","0","0","0"
"egy","1A1bc_Other-transformation","process","kt","0","0","0","0","0","0","0","0","0","0","0","0","0","0","0","0","0","0","0","0","0","0","0","0","0","0","0","0","0","0","0","0","0","0","0","0","0","0","0","0","0","0","0","0","0","0","0","0","0","0","0","0","0","0","0","0","0","0","0","0","0","0","0","0","0","0","0","0","0","0","0","0","0","0","0","0","0","0","0","0","0","0","0","0","0","0","0","0","0","0","0","0","0","0","0","0","0","0","0","0","0","0","0","0","0","0","0","0","0","0","0.061","0.12","0.179","0.238","0.297","0.356","0.3436","0.3312","0.3188","0.3064","0.294","0.3044","0.3148","0.3252","0.3356","0.346","0.3464","0.3468","0.3472","0.3476","0.348","0.368","0.388","0.408","0.428","0.448","0.4562","0.4644","0.4726","0.4808","0.489","0.5028","0.5166","0.5304","0.5442","0.558","0.5784","0.5988","0.6192","0.6396","0.66","0.6594","0.6588","0.6582","0.6576","0.657","0.6436","0.6302","0.6168","0.6034","0.59","0.59","0.59","0.59","0.59"
"esp","1A1bc_Other-transformation","process","kt","0","0","0","0","0","0","0","0","0","0","0.287","0.3538","0.4206","0.4874","0.5542","0.621","0.6194","0.6178","0.6162","0.6146","0.613","0.5618","0.5106","0.4594","0.4082","0.357","0.4272","0.4974","0.5676","0.6378","0.708","0.8142","0.9204","1.0266","1.1328","1.239","1.2766","1.3142","1.3518","1.3894","1.427","1.4646","1.5022","1.5398","1.5774","1.615","1.6686","1.7222","1.7758","1.8294","1.883","1.8922","1.9014","1.9106","1.9198","1.929","1.8302","1.7314","1.6326","1.5338","1.435","1.4002","1.3654","1.3306","1.2958","1.261","1.112","0.963","0.814","0.665","0.516","0.5652","0.6144","0.6636","0.7128","0.762","0.7348","0.7076","0.6804","0.6532","0.626","0.551","0.476","0.401","0.326","0.251","0.267","0.283","0.299","0.315","0.331","0.3104","0.2898","0.2692","0.2486","0.228","0.2642","0.3004","0.3366","0.3728","0.409","0.4364","0.4638","0.4912","0.5186","0.546","0.612","0.678","0.744","0.81","0.876","0.8844","0.8928","0.9012","0.9096","0.918","0.9794","1.0408","1.1022","1.1636","1.225","1.2368","1.2486","1.2604","1.2722","1.284","1.2626","1.2412","1.2198","1.1984","1.177","1.1458","1.1146","1.0834","1.0522","1.021","1.0032","0.9854","0.9676","0.9498","0.932","0.8846","0.8372","0.7898","0.7424","0.695","0.7076","0.7202","0.7328","0.7454","0.758","0.7562","0.7544","0.7526","0.7508","0.749","0.7094","0.6698","0.6302","0.5906","0.551","0.551","0.551","0.551","0.551"
"fin","1A1bc_Other-transformation","process","kt","0","0","0","0","0","0","0","0","0","0","0.052","0.0588","0.0656","0.0724","0.0792","0.086","0.0936","0.1012","0.1088","0.1164","0.124","0.1218","0.1196","0.1174","0.1152","0.113","0.116","0.119","0.122","0.125","0.128","0.1398","0.1516","0.1634","0.1752","0.187","0.1852","0.1834","0.1816","0.1798","0.178","0.1738","0.1696","0.1654","0.1612","0.157","0.1632","0.1694","0.1756","0.1818","0.188","0.1722","0.1564","0.1406","0.1248","0.109","0.0934","0.0778","0.0622","0.0466","0.031","0.027","0.023","0.019","0.015","0.011","0.013","0.015","0.017","0.019","0.021","0.02","0.019","0.018","0.017","0.016","0.0134","0.0108","0.0082","0.0056","0.003","0.0032","0.0034","0.0036","0.0038","0.004","0.006","0.008","0.01","0.012","0.014","0.0146","0.0152","0.0158","0.0164","0.017","0.054","0.091","0.128","0.165","0.202","0.201","0.2","0.199","0.198","0.197","0.183","0.169","0.155","0.141","0.127","0.1864","0.2458","0.3052","0.3646","0.424","0.3624","0.3008","0.2392","0.1776","0.116","0.1342","0.1524","0.1706","0.1888","0.207","0.203066666666667","0.199133333333333","0.1952","0.191266666666667","0.187333333333333","0.1834","0.179466666666667","0.175533333333333","0.1716","0.167666666666667","0.163733333333333","0.1598","0.155866666666667","0.151933333333333","0.148","0.187","0.226","0.265","0.304","0.343","0.3278","0.3126","0.2974","0.2822","0.267","0.2666","0.2662","0.2658","0.2654","0.265","0.2618","0.2586","0.2554","0.2522","0.249","0.249","0.249","0.249","0.249"
"fra","1A1bc_Other-transformation","process","kt","6.775","7.9812","9.1874","10.3936","11.5998","12.806","12.6978","12.5896","12.4814","12.3732","12.265","12.8008","13.3366","13.8724","14.4082","14.944","14.6292","14.3144","13.9996","13.6848","13.37","13.4898","13.6096","13.7294","13.8492","13.969","14.0152","14.0614","14.1076","14.1538","14.2","13.9024","13.6048","13.3072","13.0096","12.712","13.0866","13.4612","13.8358","14.2104","14.585","14.4104","14.2358","14.0612","13.8866","13.712","14.2658","14.8196","15.3734","15.9272","16.481","16.2286","15.9762","15.7238","15.4714","15.219","15.282","15.345","15.408","15.471","15.534","12.762","9.99","7.218","4.446","1.674","2.7502","3.8264","4.9026","5.9788","7.055","8.0944","9.1338","10.1732","11.2126","12.252","11.8406","11.4292","11.0178","10.6064","10.195","9.0098","7.8246","6.6394","5.4542","4.269","3.836","3.403","2.97","2.537","2.104","1.7954","1.4868","1.1782","0.8696","0.561","1.2516","1.9422","2.6328","3.3234","4.014","4.3186","4.6232","4.9278","5.2324","5.537","5.7082","5.8794","6.0506","6.2218","6.393","6.3054","6.2178","6.1302","6.0426","5.955","5.537","5.119","4.701","4.283","3.865","3.7094","3.5538","3.3982","3.2426","3.087","3.076","3.065","3.054","3.043","3.032","2.8972","2.7624","2.6276","2.4928","2.358","2.2824","2.2068","2.1312","2.0556","1.98","1.9066","1.8332","1.7598","1.6864","1.613","1.5626","1.5122","1.4618","1.4114","1.361","0","0","0","0","0","0","0","0","0","0","0","0","0","0"
"gbr","1A1bc_Other-transformation","process","kt","38.129","40.3648","42.6006","44.8364","47.0722","49.308","50.0674","50.8268","51.5862","52.3456","53.105","54.6352","56.1654","57.6956","59.2258","60.756","62.3588","63.9616","65.5644","67.1672","68.77","67.4914","66.2128","64.9342","63.6556","62.377","62.8176","63.2582","63.6988","64.1394","64.58","63.4064","62.2328","61.0592","59.8856","58.712","59.097","59.482","59.867","60.252","60.637","59.4858","58.3346","57.1834","56.0322","54.881","54.9594","55.0378","55.1162","55.1946","55.273","53.8758","52.4786","51.0814","49.6842","48.287","46.4534","44.6198","42.7862","40.9526","39.119","36.4142","33.7094","31.0046","28.2998","25.595","23.8278","22.0606","20.2934","18.5262","16.759","15.2416","13.7242","12.2068","10.6894","9.172","8.6152","8.0584","7.5016","6.9448","6.388","6.0724","5.7568","5.4412","5.1256","4.81","4.8112","4.8124","4.8136","4.8148","4.816","4.5412","4.2664","3.9916","3.7168","3.442","3.894","4.346","4.798","5.25","5.702","5.5434","5.3848","5.2262","5.0676","4.909","5.252","5.595","5.938","6.281","6.624","6.5056","6.3872","6.2688","6.1504","6.032","5.9888","5.9456","5.9024","5.8592","5.816","5.5528","5.2896","5.0264","4.7632","4.5","4.1634","3.8268","3.4902","3.1536","2.817","2.6612","2.5054","2.3496","2.1938","2.038","2.0508","2.0636","2.0764","2.0892","2.102","2.0176","1.9332","1.8488","1.7644","1.68","1.6864","1.6928","1.6992","1.7056","1.712","1.6014","1.4908","1.3802","1.2696","1.159","1.1624","1.1658","1.1692","1.1726","1.176","1.176","1.176","1.176","1.176"
"grc","1A1bc_Other-transformation","process","kt","0","0","0","0","0","0","0","0","0","0","0","0","0","0","0","0","0","0","0","0","0","0","0","0","0","0","0","0","0","0","0","0","0","0","0","0","0","0","0","0","0","0","0","0","0","0","0","0","0","0","0","0","0","0","0","0","0","0","0","0","0","0","0","0","0","0","0","0","0","0","0","0","0","0","0","0","0","0","0","0","0","0","0","0","0","0","0","0","0","0","0","0","0","0","0","0","0","0","0","0","0.007","0.0068","0.0066","0.0064","0.0062","0.006","0.01225","0.0185","0.02475","0.031","0.03725","0.0435","0.04975","0.056","0.06225","0.0685","0.07475","0.081","0.08725","0.0935","0.09975","0.106","0.11225","0.1185","0.12475","0.131","0.1208","0.1106","0.1004","0.0902","0.08","0","0","0","0","0","0","0","0","0","0","0","0","0","0","0","0","0","0","0","0","0","0","0","0","0","0","0","0","0","0","0","0","0","0"
"hun","1A1bc_Other-transformation","process","kt","0","0","0","0","0","0.42","0.5146","0.6092","0.7038","0.7984","0.893","0.9652","1.0374","1.1096","1.1818","1.254","1.2846","1.3152","1.3458","1.3764","1.407","1.4344","1.4618","1.4892","1.5166","1.544","1.4722","1.4004","1.3286","1.2568","1.185","1.2846","1.3842","1.4838","1.5834","1.683","1.791","1.899","2.007","2.115","2.223","2.256","2.289","2.322","2.355","2.388","2.4642","2.5404","2.6166","2.6928","2.769","2.6316","2.4942","2.3568","2.2194","2.082","2.0518","2.0216","1.9914","1.9612","1.931","1.7672","1.6034","1.4396","1.2758","1.112","1.0142","0.9164","0.8186","0.7208","0.623","0.5252","0.4274","0.3296","0.2318","0.134","0.1594","0.1848","0.2102","0.2356","0.261","0.2362","0.2114","0.1866","0.1618","0.137","0.1584","0.1798","0.2012","0.2226","0.244","0.1994","0.1548","0.1102","0.0656","0.021","0.0552","0.0894","0.1236","0.1578","0.192","0.2422","0.2924","0.3426","0.3928","0.443","0.4636","0.4842","0.5048","0.5254","0.546","0.5592","0.5724","0.5856","0.5988","0.612","0.5326","0.4532","0.3738","0.2944","0.215","0.2286","0.2422","0.2558","0.2694","0.283","0.285","0.287","0.289","0.291","0.293","0.2714","0.2498","0.2282","0.2066","0.185","0.1878","0.1906","0.1934","0.1962","0.199","0.2176","0.2362","0.2548","0.2734","0.292","0.2868","0.2816","0.2764","0.2712","0.266","0.2464","0.2268","0.2072","0.1876","0.168","0.1932","0.2184","0.2436","0.2688","0.294","0.294","0.294","0.294","0.294"
"ind","1A1bc_Other-transformation","process","kt","0","0","0","0","0","0","0","0","0","0","0","0","0","0","0","0","0","0","0","0","0","0","0","0","0","0","0","0","0","0","0","0","0","0","0","0","0","0","0","0","0","0","0","0","0","0","0","0","0","0","0","0","0","0","0","0","0","0","0","0","0","0","0","0","0","1.601","1.7182","1.8354","1.9526","2.0698","2.187","2.9846","3.7822","4.5798","5.3774","6.175","6.573","6.971","7.369","7.767","8.165","8.5578","8.9506","9.3434","9.7362","10.129","10.8872","11.6454","12.4036","13.1618","13.92","13.0896","12.2592","11.4288","10.5984","9.768","9.1602","8.5524","7.9446","7.3368","6.729","6.8812","7.0334","7.1856","7.3378","7.49","8.0338","8.5776","9.1214","9.6652","10.209","10.4544","10.6998","10.9452","11.1906","11.436","10.5432","9.6504","8.7576","7.8648","6.972","6.6532","6.3344","6.0156","5.6968","5.378","5.3836","5.3892","5.3948","5.4004","5.406","5.3856","5.3652","5.3448","5.3244","5.304","5.5508","5.7976","6.0444","6.2912","6.538","6.84","7.142","7.444","7.746","8.048","7.9324","7.8168","7.7012","7.5856","7.47","7.8884","8.3068","8.7252","9.1436","9.562","8.848","8.134","7.42","6.706","5.992","5.992","5.992","5.992","5.992"
"irn","1A1bc_Other-transformation","process","kt","0","0","0","0","0","0","0","0","0","0","0","0","0","0","0","0","0","0","0","0","0","0","0","0","0","0","0","0","0","0","0","0","0","0","0","0","0","0","0","0","0","0","0","0","0","0","0","0","0","0","0","0","0","0","0","0","0","0","0","0","0","0","0","0","0","0","0","0","0","0","0","0","0","0","0","0","0","0","0","0","0","0","0","0","0","0","0","0","0","0","0","0","0","0","0","0","0","0","0","0","0.009","0.0112","0.0134","0.0156","0.0178","0.02","0.025","0.03","0.035","0.04","0.045","0.0432","0.0414","0.0396","0.0378","0.036","0.036","0.036","0.036","0.036","0.036","0.0692","0.1024","0.1356","0.1688","0.202","0.2962","0.3904","0.4846","0.5788","0.673","0.641","0.609","0.577","0.545","0.513","0.485","0.457","0.429","0.401","0.373","0.4034","0.4338","0.4642","0.4946","0.525","0.5404","0.5558","0.5712","0.5866","0.602","0.588","0.574","0.56","0.546","0.532","0.5166","0.5012","0.4858","0.4704","0.455","0.455","0.455","0.455","0.455"
"ita","1A1bc_Other-transformation","process","kt","0","0","0","0","0","0","0","0","0","0","0","0","0","0","0","0.211","0.2142","0.2174","0.2206","0.2238","0.227","0.2356","0.2442","0.2528","0.2614","0.27","0.244","0.218","0.192","0.166","0.14","0.137","0.134","0.131","0.128","0.125","0.1208","0.1166","0.1124","0.1082","0.104","0.0956","0.0872","0.0788","0.0704","0.062","0.0788","0.0956","0.1124","0.1292","0.146","0.2582","0.3704","0.4826","0.5948","0.707","0.8372","0.9674","1.0976","1.2278","1.358","1.303","1.248","1.193","1.138","1.083","0.9026","0.7222","0.5418","0.3614","0.181","0.2838","0.3866","0.4894","0.5922","0.695","0.6652","0.6354","0.6056","0.5758","0.546","0.5302","0.5144","0.4986","0.4828","0.467","0.495","0.523","0.551","0.579","0.607","0.4918","0.3766","0.2614","0.1462","0.031","0.1332","0.2354","0.3376","0.4398","0.542","0.6382","0.7344","0.8306","0.9268","1.023","1.0746","1.1262","1.1778","1.2294","1.281","1.4174","1.5538","1.6902","1.8266","1.963","1.966","1.969","1.972","1.975","1.978","2.04","2.102","2.164","2.226","2.288","2.2974","2.3068","2.3162","2.3256","2.335","2.2902","2.2454","2.2006","2.1558","2.111","2.0472","1.9834","1.9196","1.8558","1.792","1.7144","1.6368","1.5592","1.4816","1.404","1.3908","1.3776","1.3644","1.3512","1.338","1.2954","1.2528","1.2102","1.1676","1.125","1.1068","1.0886","1.0704","1.0522","1.034","1.034","1.034","1.034","1.034"
"jpn","1A1bc_Other-transformation","process","kt","0","0","0","0","0","0","0","0","0","0","0","0","0","0","0","0","0","0","0","0","0","0","0","0","0","0","0","0","0","0","0","0","0","0","0","0","0","0","0","0","0","0","0","0","0","0.212","0.206","0.2","0.194","0.188","0.182","0.2","0.218","0.236","0.254","0.272","0.273","0.274","0.275","0.276","0.277","0.4056","0.5342","0.6628","0.7914","0.92","0.9538","0.9876","1.0214","1.0552","1.089","1.0722","1.0554","1.0386","1.0218","1.005","1.0454","1.0858","1.1262","1.1666","1.207","1.2554","1.3038","1.3522","1.4006","1.449","1.577","1.705","1.833","1.961","2.089","1.765","1.441","1.117","0.793","0.469","0.5774","0.6858","0.7942","0.9026","1.011","1.1216","1.2322","1.3428","1.4534","1.564","1.795","2.026","2.257","2.488","2.719","3.2504","3.7818","4.3132","4.8446","5.376","6.7832","8.1904","9.5976","11.0048","12.412","12.7996","13.1872","13.5748","13.9624","14.35","14.2128","14.0756","13.9384","13.8012","13.664","13.744","13.824","13.904","13.984","14.064","13.965","13.866","13.767","13.668","13.569","13.3854","13.2018","13.0182","12.8346","12.651","12.5108","12.3706","12.2304","12.0902","11.95","12.0338","12.1176","12.2014","12.2852","12.369","12.3036","12.2382","12.1728","12.1074","12.042","12.042","12.042","12.042","12.042"
"kaz","1A1bc_Other-transformation","process","kt","0","0","0","0","0","0","0","0","0","0","0","0","0","0","0","0","0","0","0","0","0","0","0","0","0","0","0","0","0","0","0","0","0","0","0","0","0","0","0","0","0","0","0","0","0","0","0","0","0","0","0","0","0","0","0","0","0","0","0","0","0","0","0","0","0","0","0","0","0","0","0","0","0","0","0","0","0","0","0","0","0","0","0","0","0","0","0","0","0","0","0","0","0","0","0","0","0","0","0","0","0","0","0","0","0","0","0","0","0","0","0","0","0","0","0","0","0","0","0","0","0","0","0","0","0","0","0","0","0","0","0","0","0","0","0","0","0","0","0","0","0.125","0.253","0.381","0.509","0.637","0.765","0.9106","1.0562","1.2018","1.3474","1.493","1.4752","1.4574","1.4396","1.4218","1.404","1.3966","1.3892","1.3818","1.3744","1.367","1.367","1.367","1.367","1.367"
"kor","1A1bc_Other-transformation","process","kt","0","0","0","0","0","0","0","0","0","0","0","0","0","0","0","0","0","0","0","0","0","0","0","0","0","0","0","0","0","0","0","0","0","0","0","0","0","0","0","0","0","0","0","0","0","0","0","0","0","0","0","0","0","0","0","0","0","0","0","0","0","0","0","0","0","0","0","0","0","0","0","0","0","0","0","0","0","0","0","0","0","0","0","0","0","0","0","0","0","0","0","0","0","0","0","0","0","0","0","0","0.008","0.0105","0.013","0.0155","0.018","0.0205","0.023","0.0255","0.028","0.0305","0.033","0.03","0.027","0.024","0.021","0.018","0.116","0.214","0.312","0.41","0.508","0.606","0.704","0.802","0.9","0.998","1.6096","2.2212","2.8328","3.4444","4.056","4.468","4.88","5.292","5.704","6.116","7.8634","9.6108","11.3582","13.1056","14.853","16.9716","19.0902","21.2088","23.3274","25.446","27.5628","29.6796","31.7964","33.9132","36.03","35.456","34.882","34.308","33.734","33.16","34.931","36.702","38.473","40.244","42.015","42.015","42.015","42.015","42.015"
"lux","1A1bc_Other-transformation","process","kt","0","0","0","0","0","0","0","0","0","0","0","0","0","0","0","0","0","0","0","0","0","0","0","0","0","0","0","0","0","0","0","0","0","0","0","0","0","0","0","0","0","0","0","0","0","0","0","0","0","0","0","0","0","0","0","0","0","0","0","0","0","0","0","0","0","0","0","0","0","0","0","0","0","0","0","0","0","0","0","0","0","0","0","0","0","0","0","0","0","0","0","0","0","0","0","0","0","0","0","0","0.003","0.00366666666666667","0.00433333333333333","0.005","0.00566666666666667","0.00633333333333333","0.007","0.00766666666666667","0.00833333333333333","0.009","0.00966666666666667","0.0103333333333333","0.011","0.0116666666666667","0.0123333333333333","0.013","0","0","0","0","0","0","0","0","0","0","0","0","0","0","0","0","0","0","0","0","0","0","0","0","0","0","0","0","0","0","0","0","0","0","0","0","0","0","0","0","0","0","0","0","0","0","0","0","0"
"mex","1A1bc_Other-transformation","process","kt","0","0","0","0","0","0","0","0","0","0","0","0","0","0","0","0","0","0","0","0","0","0","0","0","0","0","0","0","0","0","0","0","0","0","0","0","0","0","0","0","0","0","0","0","0","0","0","0","0","0","0","0","0","0","0","0","0","0","0","0","0.319","0.316","0.313","0.31","0.307","0.304","0.3012","0.2984","0.2956","0.2928","0.29","0.299","0.308","0.317","0.326","0.335","0.347","0.359","0.371","0.383","0.395","0.4016","0.4082","0.4148","0.4214","0.428","0.4502","0.4724","0.4946","0.5168","0.539","0.6752","0.8114","0.9476","1.0838","1.22","1.2428","1.2656","1.2884","1.3112","1.334","1.3898","1.4456","1.5014","1.5572","1.613","1.4766","1.3402","1.2038","1.0674","0.931","0.7872","0.6434","0.4996","0.3558","0.212","0.3396","0.4672","0.5948","0.7224","0.85","0.9126","0.9752","1.0378","1.1004","1.163","1.2454","1.3278","1.4102","1.4926","1.575","1.55","1.525","1.5","1.475","1.45","1.3788","1.3076","1.2364","1.1652","1.094","1.0792","1.0644","1.0496","1.0348","1.02","1.0222","1.0244","1.0266","1.0288","1.031","1.0098","0.9886","0.9674","0.9462","0.925","0.944","0.963","0.982","1.001","1.02","1.02","1.02","1.02","1.02"
"nld","1A1bc_Other-transformation","process","kt","0","0","0","0","0","0","0","0","0","0","0","0","0","0","0","0","0","0","0","0","0","0","0","0","0","0","0","0","0","0","0","0","0","0","0","0","0","0","0","0","0","0","0","0","0","0","0","0","0","0","0","0","0","0","0","0","0","0","0","0","0","0","0","0","0","0","0","0","0","0","0","0","0","0","0","0.17","0.1914","0.2128","0.2342","0.2556","0.277","0.259","0.241","0.223","0.205","0.187","0.169","0.151","0.133","0.115","0.097","0.08","0.063","0.046","0.029","0.012","0.145","0.278","0.411","0.544","0.677","0.7164","0.7558","0.7952","0.8346","0.874","0.8774","0.8808","0.8842","0.8876","0.891","0.8614","0.8318","0.8022","0.7726","0.743","0.7048","0.6666","0.6284","0.5902","0.552","0.584","0.616","0.648","0.68","0.712","0.7224","0.7328","0.7432","0.7536","0.764","0.78","0.796","0.812","0.828","0.844","0.8352","0.8264","0.8176","0.8088","0.8","0.8082","0.8164","0.8246","0.8328","0.841","0.7978","0.7546","0.7114","0.6682","0.625","0.6314","0.6378","0.6442","0.6506","0.657","0.6476","0.6382","0.6288","0.6194","0.61","0.61","0.61","0.61","0.61"
"nor","1A1bc_Other-transformation","process","kt","0","0","0","0","0","0","0","0","0","0","0","0","0","0","0","0","0","0","0","0","0","0","0","0","0","0","0","0","0","0","0","0","0","0","0","0","0","0","0","0","0","0","0","0","0","0","0","0","0","0","0","0","0","0","0","0","0","0","0","0","0","0","0","0","0","0","0","0","0","0","0","0","0","0","0","0","0","0","0","0","0","0","0","0","0","0","0","0","0","0","0","0","0","0","0","0","0","0","0","0","0.118","0.1204","0.1228","0.1252","0.1276","0.13","0.1266","0.1232","0.1198","0.1164","0.113","0.1178","0.1226","0.1274","0.1322","0.137","0.1264","0.1158","0.1052","0.0946","0.084","0.0826","0.0812","0.0798","0.0784","0.077","0.0796","0.0822","0.0848","0.0874","0.09","0.0884","0.0868","0.0852","0.0836","0.082","0","0","0","0","0","0","0","0","0","0","0","0","0","0","0","0","0","0","0","0","0","0","0","0","0","0","0","0","0"
"nzl","1A1bc_Other-transformation","process","kt","0","0","0","0","0","0","0","0","0","0","0","0","0","0","0","0","0","0","0","0","0","0","0","0","0","0","0","0","0","0","0","0","0","0","0","0","0","0","0","0","0","0","0","0","0","0","0","0","0","0","0","0","0","0","0","0","0","0","0","0","0","0","0","0","0","0","0","0","0","0","0","0","0","0","0","0","0","0","0","0","0","0","0","0","0","0","0","0","0","0","0","0","0","0","0","0","0","0","0","0","0.003","0.0028","0.0026","0.0024","0.0022","0.002","0.002","0.002","0.002","0.002","0.002","0.002","0.002","0.002","0.002","0.002","0.002","0.002","0.002","0.002","0.002","0.0018","0.0016","0.0014","0.0012","0.001","0.0018","0.0026","0.0034","0.0042","0.005","0.0046","0.0042","0.0038","0.0034","0.003","0.0292","0.0554","0.0816","0.1078","0.134","0.136","0.138","0.14","0.142","0.144","0.143","0.142","0.141","0.14","0.139","0.143","0.147","0.151","0.155","0.159","0.1624","0.1658","0.1692","0.1726","0.176","0.176","0.176","0.176","0.176"
"pak","1A1bc_Other-transformation","process","kt","0","0","0","0","0","0","0","0","0","0","0","0","0","0","0","0","0","0","0","0","0","0","0","0","0","0","0","0","0","0","0","0","0","0","0","0","0","0","0","0","0","0","0","0","0","0","0","0","0","0","0","0","0","0","0","0","0","0","0","0","0","0","0","0","0","0","0","0","0","0","0","0","0","0","0","0","0","0","0","0","0","0","0","0","0","0","0","0","0","0","0","0","0","0","0","0","0","0","0","0","0","0","0","0","0","0","0","0","0","0","0","0","0","0","0","0","0","0","0","0","0","0","0","0","0","0","0","0","0","0","0.039","0.0858","0.1326","0.1794","0.2262","0.273","0.3018","0.3306","0.3594","0.3882","0.417","0.4158","0.4146","0.4134","0.4122","0.411","0.4006","0.3902","0.3798","0.3694","0.359","0.33","0.301","0.272","0.243","0.214","0.2036","0.1932","0.1828","0.1724","0.162","0.162","0.162","0.162","0.162"
"per","1A1bc_Other-transformation","process","kt","0","0","0","0","0","0","0","0","0","0","0","0","0","0","0","0","0","0","0","0","0","0","0","0","0","0","0","0","0","0","0","0","0","0","0","0","0","0","0","0","0","0","0","0","0","0","0","0","0","0","0","0","0","0","0","0","0","0","0","0","0","0","0","0","0","0","0","0","0","0","0","0","0","0","0","0","0","0","0","0","0","0","0","0","0","0","0","0","0","0","0","0","0","0","0","0","0","0","0","0","0.079","0.0816","0.0842","0.0868","0.0894","0.092","0.0926","0.0932","0.0938","0.0944","0.095","0.0872","0.0794","0.0716","0.0638","0.056","0.0502","0.0444","0.0386","0.0328","0.027","0.0242","0.0214","0.0186","0.0158","0.013","0.0142","0.0154","0.0166","0.0178","0.019","0.019","0.019","0.019","0.019","0.019","0.018","0.017","0.016","0.015","0.014","0.015","0.016","0.017","0.018","0.019","0.0186","0.0182","0.0178","0.0174","0.017","0","0","0","0","0","0","0","0","0","0","0","0","0","0"
"pol","1A1bc_Other-transformation","process","kt","0","0","0","0","0","0","0","0","0","0","0","0","0","0","0","0","0","0","0","0","0","0","0","0","0","0","0","0","0","0","0","0","0","0","0","0","0","0","0","0","0","0","0","0","0","0","0","0","0","0","0","0","0","0","0","0","0","0","0","0","0","0","0","0","0","0","0","0","0","0","0.846","0.7676","0.6892","0.6108","0.5324","0.454","0.4604","0.4668","0.4732","0.4796","0.486","0.4472","0.4084","0.3696","0.3308","0.292","0.3382","0.3844","0.4306","0.4768","0.523","0.4392","0.3554","0.2716","0.1878","0.104","0.4178","0.7316","1.0454","1.3592","1.673","1.7976","1.9222","2.0468","2.1714","2.296","2.4442","2.5924","2.7406","2.8888","3.037","3.1706","3.3042","3.4378","3.5714","3.705","3.79","3.875","3.96","4.045","4.13","4.251","4.372","4.493","4.614","4.735","4.8408","4.9466","5.0524","5.1582","5.264","5.0624","4.8608","4.6592","4.4576","4.256","4.1626","4.0692","3.9758","3.8824","3.789","3.6734","3.5578","3.4422","3.3266","3.211","3.0842","2.9574","2.8306","2.7038","2.577","2.535","2.493","2.451","2.409","2.367","2.4346","2.5022","2.5698","2.6374","2.705","2.705","2.705","2.705","2.705"
"prk","1A1bc_Other-transformation","process","kt","0","0","0","0","0","0","0","0","0","0","0","0","0","0","0","0","0","0","0","0","0","0","0","0","0","0","0","0","0","0","0","0","0","0","0","0","0","0","0","0","0","0","0","0","0","0","0","0","0","0","0","0","0","0","0","0","0","0","0","0","0","0","0","0","0","0","0","0","0","0","0","0","0","0","0","0","0","0","0","0","0","0","0","0","0","0","0","0","0","0","0","0","0","0","0","0","0","0","0","0","0","0","0","0","0","0.386","0.983","1.58","2.177","2.774","3.371","3.008","2.645","2.282","1.919","1.556","1.8672","2.1784","2.4896","2.8008","3.112","3.4086","3.7052","4.0018","4.2984","4.595","4.548","4.501","4.454","4.407","4.36","4.3668","4.3736","4.3804","4.3872","4.394","4.817","5.24","5.663","6.086","6.509","5.582","4.655","3.728","2.801","1.874","0","0","0","0","0","0","0","0","0","0","0","0","0","0","0","0","0","0","0"
"prt","1A1bc_Other-transformation","process","kt","0","0","0","0","0","0","0","0","0","0","0","0","0","0","0","0","0","0","0","0","0","0","0","0","0","0","0","0","0","0","0","0","0","0","0","0","0","0","0","0","0","0","0","0","0","0","0","0","0","0","0","0","0","0","0","0","0","0","0","0","0","0","0","0","0","0","0","0","0","0","0","0","0","0","0","0","0","0","0","0","0","0","0","0","0","0","0","0","0","0","0","0","0","0","0","0","0","0","0","0","0.009","0.0088","0.0086","0.0084","0.0082","0.008","0.0092","0.0104","0.0116","0.0128","0.014","0.0246","0.0352","0.0458","0.0564","0.067","0.0666","0.0662","0.0658","0.0654","0.065","0.0646","0.0642","0.0638","0.0634","0.063","0.0632","0.0634","0.0636","0.0638","0.064","0.0666","0.0692","0.0718","0.0744","0.077","0.0746","0.0722","0.0698","0.0674","0.065","0.071","0.077","0.083","0.089","0.095","0.0966","0.0982","0.0998","0.1014","0.103","0","0","0","0","0","0","0","0","0","0","0","0","0","0"
"rou","1A1bc_Other-transformation","process","kt","0","0","0","0","0","0","0","0","0","0","0","0","0","0","0","0","0","0","0","0","0","0","0","0","0","0","0","0","0","0","0","0","0","0","0","0","0","0","0","0","0","0","0","0","0","0","0","0","0","0","0","0","0","0","0","0","0","0","0","0","0","0","0","0","0","0","0","0","0","0","0.039","0.0496","0.0602","0.0708","0.0814","0.092","0.0876","0.0832","0.0788","0.0744","0.07","0.068","0.066","0.064","0.062","0.06","0.0564","0.0528","0.0492","0.0456","0.042","0.0362","0.0304","0.0246","0.0188","0.013","0.0232","0.0334","0.0436","0.0538","0.064","0.113","0.162","0.211","0.26","0.309","0.3472","0.3854","0.4236","0.4618","0.5","0.5374","0.5748","0.6122","0.6496","0.687","0.6246","0.5622","0.4998","0.4374","0.375","0.4606","0.5462","0.6318","0.7174","0.803","0.86","0.917","0.974","1.031","1.088","1.196","1.304","1.412","1.52","1.628","1.5016","1.3752","1.2488","1.1224","0.996","0.9902","0.9844","0.9786","0.9728","0.967","0.867","0.767","0.667","0.567","0.467","0.4748","0.4826","0.4904","0.4982","0.506","0","0","0","0","0","0","0","0","0"
"rus","1A1bc_Other-transformation","process","kt","0","0","0","0","0","0","0","0","0","0","0","0","0","0","0","0","0","0","0","0","0","0","0","0","0","0","0","0","0","0","0","0","0","0","0","0","0","0","0","0","0","0","0","0","0","0","0","0","0","0","0","0","0","0","0","0","0","0","0","0","0","0","0","0","0","0","0","0","0","0","0","0","0","0","0","0","0","0","0","0","0","0","0","0","0","0","0","0","0","0","0","0","0","0","0","0","0","0","0","0","0","0","0","0","0","0","0","0","0","0","0","0","0","0","0","0","0","0","0","0","0","0","0","0","0","0","0","0","0","0","0","0","0","0","0","0","0","0","0","0","11.212","10.7174","10.2228","9.7282","9.2336","8.739","8.742","8.745","8.748","8.751","8.754","8.8754","8.9968","9.1182","9.2396","9.361","9.5604","9.7598","9.9592","10.1586","10.358","10.358","10.358","10.358","10.358"
"svk","1A1bc_Other-transformation","process","kt","0","0","0","0","0","0","0","0","0","0","0","0","0","0","0","0","0","0","0","0","0","0","0","0","0","0","0","0","0","0","0","0","0","0","0","0","0","0","0","0","0","0","0","0","0","0","0","0","0","0","0","0","0","0","0","0","0","0","0","0","0","0","0","0","0","0","0","0","0","0","0","0","0","0","0","0","0","0","0","0","0","0","0","0","0","0","0","0","0","0","0","0","0","0","0","0","0","0","0","0","0","0","0","0","0","0","0","0","0","0","0","0","0","0","0","0","0","0","0","0","0","0","0","0","0","0","0","0","0","0","0","0","0","0","0","0","0","0","0","0","0","0","0","0","0","0.506","0.4966","0.4872","0.4778","0.4684","0.459","0.465","0.471","0.477","0.483","0.489","0.48","0.471","0.462","0.453","0.444","0.444","0.444","0.444","0.444"
"swe","1A1bc_Other-transformation","process","kt","0.285","0.3172","0.3494","0.3816","0.4138","0.446","0.5692","0.6924","0.8156","0.9388","1.062","1.1546","1.2472","1.3398","1.4324","1.525","1.5946","1.6642","1.7338","1.8034","1.873","2.134","2.395","2.656","2.917","3.178","3.2108","3.2436","3.2764","3.3092","3.342","3.3984","3.4548","3.5112","3.5676","3.624","3.5772","3.5304","3.4836","3.4368","3.39","3.3456","3.3012","3.2568","3.2124","3.168","3.1732","3.1784","3.1836","3.1888","3.194","3.0884","2.9828","2.8772","2.7716","2.666","2.5976","2.5292","2.4608","2.3924","2.324","2.3046","2.2852","2.2658","2.2464","2.227","1.9804","1.7338","1.4872","1.2406","0.994","0.9276","0.8612","0.7948","0.7284","0.662","0.6304","0.5988","0.5672","0.5356","0.504","0.4936","0.4832","0.4728","0.4624","0.452","0.4516","0.4512","0.4508","0.4504","0.45","0.3944","0.3388","0.2832","0.2276","0.172","0.3186","0.4652","0.6118","0.7584","0.905","0.8614","0.8178","0.7742","0.7306","0.687","0.6342","0.5814","0.5286","0.4758","0.423","0.4086","0.3942","0.3798","0.3654","0.351","0.312","0.273","0.234","0.195","0.156","0.1698","0.1836","0.1974","0.2112","0.225","0.2488","0.2726","0.2964","0.3202","0.344","0.3426","0.3412","0.3398","0.3384","0.337","0.3326","0.3282","0.3238","0.3194","0.315","0.3204","0.3258","0.3312","0.3366","0.342","0.3474","0.3528","0.3582","0.3636","0.369","0.372","0.375","0.378","0.381","0.384","0.384","0.384","0.384","0.384","0.384","0.384","0.384","0.384","0.384"
"tun","1A1bc_Other-transformation","process","kt","0","0","0","0","0","0","0","0","0","0","0","0","0","0","0","0","0","0","0","0","0","0","0","0","0","0","0","0","0","0","0","0","0","0","0","0","0","0","0","0","0","0","0","0","0","0","0","0","0","0","0","0","0","0","0","0","0","0","0","0","0","0","0","0","0","0","0","0","0","0","0","0","0","0","0","0","0","0","0","0","0","0","0","0","0","0","0","0","0","0","0","0","0","0","0","0","0","0","0","0","0","0","0","0","0","0","0","0","0","0","0","0","0","0","0","0","0","0","0","0","0.017","0.0184","0.0198","0.0212","0.0226","0.024","0","0","0","0","0","0","0","0","0","0","0","0","0","0","0","0","0","0","0","0","0","0","0","0","0","0","0","0","0","0","0","0","0","0","0","0","0","0","0"
"tur","1A1bc_Other-transformation","process","kt","0","0","0","0","0","0","0","0","0","0","0","0","0","0","0","0","0","0","0","0","0","0","0","0","0","0","0","0","0","0","0","0","0","0","0","0","0","0","0","0","0","0","0","0","0","0","0","0","0","0","0","0","0","0","0","0","0","0","0","0","0","0","0","0","0","0","0","0","0","0","0","0","0","0","0","0","0","0","0","0","0","0","0","0","0","0","0","0","0","0","0.565","0.5478","0.5306","0.5134","0.4962","0.479","0.578","0.677","0.776","0.875","0.974","1.112","1.25","1.388","1.526","1.664","1.5954","1.5268","1.4582","1.3896","1.321","1.3732","1.4254","1.4776","1.5298","1.582","1.5074","1.4328","1.3582","1.2836","1.209","1.1586","1.1082","1.0578","1.0074","0.957","0.9732","0.9894","1.0056","1.0218","1.038","1.1142","1.1904","1.2666","1.3428","1.419","1.4926","1.5662","1.6398","1.7134","1.787","1.7462","1.7054","1.6646","1.6238","1.583","1.5836","1.5842","1.5848","1.5854","1.586","1.588","1.59","1.592","1.594","1.596","1.6796","1.7632","1.8468","1.9304","2.014","2.014","2.014","2.014","2.014"
"twn","1A1bc_Other-transformation","process","kt","0","0","0","0","0","0","0","0","0","0","0","0","0","0","0","0","0","0","0","0","0","0","0","0","0","0","0","0","0","0","0","0","0","0","0","0","0","0","0","0","0","0","0","0","0","0","0","0","0","0","0","0","0","0","0","0","0","0","0","0","0","0","0","0","0","0","0","0","0","0","0","0","0","0","0","0","0","0","0","0","0","0","0","0","0","0","0","0","0","0","0","0","0","0","0","0","0","0","0","0","0.046","0.086","0.126","0.166","0.206","0.246","0.3552","0.4644","0.5736","0.6828","0.792","0.6846","0.5772","0.4698","0.3624","0.255","0.2538","0.2526","0.2514","0.2502","0.249","0.2512","0.2534","0.2556","0.2578","0.26","0.5158","0.7716","1.0274","1.2832","1.539","1.6998","1.8606","2.0214","2.1822","2.343","2.9248","3.5066","4.0884","4.6702","5.252","5.7074","6.1628","6.6182","7.0736","7.529","8.5732","9.6174","10.6616","11.7058","12.75","12.6866","12.6232","12.5598","12.4964","12.433","12.945","13.457","13.969","14.481","14.993","14.993","14.993","14.993","14.993"
"ukr","1A1bc_Other-transformation","process","kt","0","0","0","0","0","0","0","0","0","0","0","0","0","0","0","0","0","0","0","0","0","0","0","0","0","0","0","0","0","0","0","0","0","0","0","0","0","0","0","0","0","0","0","0","0","0","0","0","0","0","0","0","0","0","0","0","0","0","0","0","0","0","0","0","0","0","0","0","0","0","0","0","0","0","0","0","0","0","0","0","0","0","0","0","0","0","0","0","0","0","0","0","0","0","0","0","0","0","0","0","0","0","0","0","0","0","0","0","0","0","0","0","0","0","0","0","0","0","0","0","0","0","0","0","0","0","0","0","0","0","0","0","0","0","0","0","0","0","0","0","11.341","10.3896","9.4382","8.4868","7.5354","6.584","6.5398","6.4956","6.4514","6.4072","6.363","6.3314","6.2998","6.2682","6.2366","6.205","6.0614","5.9178","5.7742","5.6306","5.487","5.487","5.487","5.487","5.487"
"ury","1A1bc_Other-transformation","process","kt","0","0","0","0","0","0","0","0","0","0","0","0","0","0","0","0","0","0","0","0","0","0","0","0","0","0","0","0","0","0","0","0","0","0","0","0","0","0","0","0","0","0","0","0","0","0","0","0","0","0","0","0","0","0","0","0","0","0","0","0","0","0","0","0","0","0","0","0","0","0","0","0","0","0","0","0","0","0","0","0","0","0","0","0","0","0","0","0","0","0","0","0","0","0","0","0","0","0","0","0","0.003","0.0036","0.0042","0.0048","0.0054","0.006","0.006","0.006","0.006","0.006","0.006","0.0056","0.0052","0.0048","0.0044","0.004","0.004","0.004","0.004","0.004","0.004","0.0038","0.0036","0.0034","0.0032","0.003","0","0","0","0","0","0","0","0","0","0","0","0","0","0","0","0","0","0","0","0","0","0","0","0","0","0","0","0","0","0","0","0","0","0","0","0","0","0","0"
"usa","1A1bc_Other-transformation","process","kt","3.654","4.136","4.618","5.1","5.582","6.064","6.4384","6.8128","7.1872","7.5616","7.936","7.8556","7.7752","7.6948","7.6144","7.534","9.1144","10.6948","12.2752","13.8556","15.436","15.596","15.756","15.916","16.076","16.236","15.2648","14.2936","13.3224","12.3512","11.38","13.1816","14.9832","16.7848","18.5864","20.388","23.4926","26.5972","29.7018","32.8064","35.911","36.4606","37.0102","37.5598","38.1094","38.659","44.3708","50.0826","55.7944","61.5062","67.218","72.8422","78.4664","84.0906","89.7148","95.339","99.3156","103.2922","107.2688","111.2454","115.222","114.5942","113.9664","113.3386","112.7108","112.083","112.7062","113.3294","113.9526","114.5758","115.199","105.3672","95.5354","85.7036","75.8718","66.04","59.752","53.464","47.176","40.888","34.6","30.7318","26.8636","22.9954","19.1272","15.259","15.8638","16.4686","17.0734","17.6782","18.283","18.418","18.553","18.688","18.823","18.958","19.1684","19.3788","19.5892","19.7996","20.01","20.084","20.158","20.232","20.306","20.38","19.3828","18.3856","17.3884","16.3912","15.394","15.92","16.446","16.972","17.498","18.024","18.0694","18.1148","18.1602","18.2056","18.251","17.7636","17.2762","16.7888","16.3014","15.814","15.173","14.532","13.891","13.25","12.609","11.6402","10.6714","9.7026","8.7338","7.765","7.6828","7.6006","7.5184","7.4362","7.354","7.132","6.91","6.688","6.466","6.244","6.09","5.936","5.782","5.628","5.474","5.2658","5.0576","4.8494","4.6412","4.433","4.3444","4.2558","4.1672","4.0786","3.99","3.99","3.99","3.99","3.99"
"ussr","1A1bc_Other-transformation","process","kt","0.163","0.2276","0.2922","0.3568","0.4214","0.486","0.577","0.668","0.759","0.85","0.941","0.991","1.041","1.091","1.141","1.191","1.7678","2.3446","2.9214","3.4982","4.075","4.0858","4.0966","4.1074","4.1182","4.129","4.0424","3.9558","3.8692","3.7826","3.696","3.7798","3.8636","3.9474","4.0312","4.115","4.6718","5.2286","5.7854","6.3422","6.899","7.5102","8.1214","8.7326","9.3438","9.955","11.531","13.107","14.683","16.259","17.835","16.9744","16.1138","15.2532","14.3926","13.532","13.1698","12.8076","12.4454","12.0832","11.721","11.5344","11.3478","11.1612","10.9746","10.788","8.678","6.568","4.458","2.348","0.238","0.568","0.898","1.228","1.558","1.888","2.519","3.15","3.781","4.412","5.043","5.8766","6.7102","7.5438","8.3774","9.211","9.0712","8.9314","8.7916","8.6518","8.512","7.6488","6.7856","5.9224","5.0592","4.196","5.3934","6.5908","7.7882","8.9856","10.183","11.1158","12.0486","12.9814","13.9142","14.847","15.551","16.255","16.959","17.663","18.367","18.9796","19.5922","20.2048","20.8174","21.43","21.932","22.434","22.936","23.438","23.94","24.4954","25.0508","25.6062","26.1616","26.717","0","0","0","0","0","0","0","0","0","0","0","0","0","0","0","0","0","0","0","0","0","0","0","0","0","0","0","0","0","0","0","0","0","0","0","0","0","0","0"
"ven","1A1bc_Other-transformation","process","kt","0","0","0","0","0","0","0","0","0","0","0","0","0","0","0","0","0","0","0","0","0","0","0","0","0","0","0","0","0","0","0","0","0","0","0","0","0","0","0","0","0","0","0","0","0","0","0","0","0","0","0","0","0","0","0","0","0","0","0","0","0","0","0","0","0","0","0","0","0","0","0","0","0","0","0","0","0","0","0","0","0","0","0","0","0","0","0","0","0","0","0","0","0","0","0","0","0","0","0","0","0","0","0","0","0","0","0","0","0","0","0","0","0","0","0","0.037","0.0363","0.0356","0.0349","0.0342","0.0335","0.0328","0.0321","0.0314","0.0307","0.03","0.0286","0.0272","0.0258","0.0244","0.023","0.0216","0.0202","0.0188","0.0174","0.016","0.0146","0.0132","0.0118","0.0104","0.009","0","0","0","0","0","0","0","0","0","0","0","0","0","0","0","0","0","0","0","0","0","0","0","0"
"yug","1A1bc_Other-transformation","process","kt","0","0","0","0","0","0","0","0","0","0","0","0","0","0","0","0","0","0","0","0","0","0","0","0","0","0","0","0","0","0","0","0","0","0","0","0","0","0","0","0","0","0","0","0","0","0","0","0","0","0","0","0","0","0","0","0","0","0","0","0","0","0","0","0","0","0","0","0","0","0","0","0","0","0","0","0.004","0.0104","0.0168","0.0232","0.0296","0.036","0.0318","0.0276","0.0234","0.0192","0.015","0.0226666666666667","0.0303333333333333","0.038","0.0456666666666667","0.0533333333333333","0.061","0.0686666666666667","0.0763333333333333","0.084","0.0916666666666667","0.0993333333333333","0.107","0.114666666666667","0.122333333333333","0.13","0.1634","0.1968","0.2302","0.2636","0.297","0.309","0.321","0.333","0.345","0.357","0.358","0.359","0.36","0.361","0.362","0.361","0.36","0.359","0.358","0.357","0.3592","0.3614","0.3636","0.3658","0.368","0.4318","0.4956","0.5594","0.6232","0.687","0.7448","0.8026","0.8604","0.9182","0.976","0","0","0","0","0","0","0","0","0","0","0","0","0","0","0","0","0","0","0","0","0","0","0","0","0","0","0","0","0"
"zaf","1A1bc_Other-transformation","process","kt","0","0","0","0","0","0","0","0","0","0","0","0","0","0","0","0","0","0","0","0","0","0","0","0","0","0","0","0","0","0","0","0","0","0","0","0","0","0","0","0","0","0","0","0","0","0","0","0","0","0","0","0","0","0","0","0","0","0","0","0","0","0","0","0","0","0","0","0","0","0","0","0","0","0","0","0","0","0","0","0","0","0","0","0","0","0","0","0","0","0","0","0","0","0","0","0","0","0","0","0","3.271","3.4226","3.5742","3.7258","3.8774","4.029","4.0488","4.0686","4.0884","4.1082","4.128","4.2052","4.2824","4.3596","4.4368","4.514","4.2194","3.9248","3.6302","3.3356","3.041","2.9682","2.8954","2.8226","2.7498","2.677","2.7088","2.7406","2.7724","2.8042","2.836","2.7272","2.6184","2.5096","2.4008","2.292","2.2632","2.2344","2.2056","2.1768","2.148","2.0378","1.9276","1.8174","1.7072","1.597","1.472","1.347","1.222","1.097","0.972","1.0028","1.0336","1.0644","1.0952","1.126","1.134","1.142","1.15","1.158","1.166","1.166","1.166","1.166","1.166"
"zwe","1A1bc_Other-transformation","process","kt","0","0","0","0","0","0","0","0","0","0","0","0","0","0","0","0","0","0","0","0","0","0","0","0","0","0","0","0","0","0","0","0","0","0","0","0","0","0","0","0","0","0","0","0","0","0","0","0","0","0","0","0","0","0","0","0","0","0","0","0","0","0","0","0","0","0","0","0","0","0","0","0","0","0","0","0","0","0","0","0","0","0","0","0","0","0","0","0","0","0","0","0","0","0","0","0","0","0","0","0","0","0","0","0","0","0","0","0","0","0","0","0","0","0","0","0.04","0.0652","0.0904","0.1156","0.1408","0.166","0.1694","0.1728","0.1762","0.1796","0.183","0.221","0.259","0.297","0.335","0.373","0.318","0.263","0.208","0.153","0.098","0.1224","0.1468","0.1712","0.1956","0.22","0.2206","0.2212","0.2218","0.2224","0.223","0.2406","0.2582","0.2758","0.2934","0.311","0.3016","0.2922","0.2828","0.2734","0.264","0.2422","0.2204","0.1986","0.1768","0.155","0.155","0.155","0.155","0.155"
